seq_label,lstm_ae_pred,lstm_ae_score
0,0,0.21601732884366998
0,0,0.1521563120056862
0,0,0.14644251463046185
0,0,0.14622868751016832
0,0,0.1055974929167719
0,0,0.09901207645445607
1,0,0.09079004360715687
1,0,0.13611157537793928
1,0,0.23118401346796347
1,0,0.24981903027091082
1,0,0.3414151031083259
1,0,0.3833304887511922
1,0,0.3965612765847915
1,0,0.43544009012657475
1,0,0.46235272544464945
1,0,0.4524878195242739
1,0,0.3788331021404933
1,0,0.34461760672340697
0,0,0.26101128542680446
0,0,0.2206386931020766
0,0,0.20998189944518778
0,0,0.23418171056989467
0,0,0.22731637297601617
0,0,0.21904629710683468
0,0,0.2101581314105094
0,0,0.1795825858389977
0,0,0.19374175714332137
1,0,0.11535009445071871
1,0,0.1252197591742701
1,0,0.09934257106380771
1,0,0.11438810419964872
1,0,0.1689548493525845
1,0,0.2272184980550755
1,0,0.4242112946554
1,0,0.5037867128809509
1,0,0.5896963445855858
1,1,0.6711412899909007
1,0,0.6480880523262883
1,0,0.6368174169906977
1,0,0.6074782454469599
1,0,0.6185420354256779
1,0,0.5388591385909074
1,0,0.4457863054780858
1,0,0.3800445435622322
1,0,0.32562890023335067
1,0,0.2773148396725429
0,0,0.16913860733499803
0,0,0.22656568095162213
0,0,0.27791756337243384
0,0,0.27344291500594237
0,0,0.24228147426964902
0,0,0.2429978899790917
0,0,0.24161155691622344
1,0,0.21766270627100118
1,0,0.22072450942117533
1,0,0.23618294616276872
1,0,0.21934674062339152
1,0,0.20721454877152545
1,0,0.24481579407740653
1,0,0.24223783677011465
1,0,0.31826301224403264
1,0,0.37248273430627116
1,0,0.5993965756595985
1,1,0.6880923862163275
1,1,0.7915958894986759
1,1,0.896305176137874
1,1,1.0070923202364017
1,1,1.124147201884051
1,1,1.0778864653393645
1,1,1.0088029564241092
1,1,0.8682054166340403
1,1,0.7725831335133707
1,0,0.6584706667000192
1,0,0.5507851613262101
1,0,0.4595568850839618
1,0,0.4365348425992523
1,0,0.32072609768615506
1,0,0.15741108263249842
1,0,0.16652890465129752
1,0,0.2016384373988226
1,0,0.31064867515462313
1,0,0.35731601156663806
1,0,0.33376348967547836
1,0,0.3770540392874663
1,0,0.42893838509397164
1,0,0.4969592384043793
1,0,0.4610174172320481
0,0,0.44320529697174194
0,0,0.49499111279960956
0,0,0.499769588761384
0,0,0.3503566739590746
0,0,0.3990985298000516
0,0,0.3677140126653534
0,0,0.21564060898053913
0,0,0.12549457323134777
0,0,0.14997487714693344
0,0,0.14155516385608807
0,0,0.13372108167673666
0,0,0.1239425470612737
0,0,0.11391081637071938
0,0,0.06641693436312941
0,0,0.0884337562525125
0,0,0.09552206034855902
0,0,0.08325333498917638
0,0,0.12636104404100126
0,0,0.1149488468538802
0,0,0.11582337990845272
0,0,0.15565785751606337
0,0,0.20356495387137152
0,0,0.19471225959107677
0,0,0.17964331414794854
0,0,0.171471878529545
0,0,0.16449486916197195
0,0,0.10918053039524837
0,0,0.12176316718677323
0,0,0.12306250619047121
0,0,0.10402290694703951
0,0,0.09043517892187466
0,0,0.1761037588285759
0,0,0.16453691081795938
0,0,0.17644458969248034
0,0,0.20507529132166452
0,0,0.20835993661100502
0,0,0.21695212776517872
0,0,0.2205879925446296
0,0,0.29066474025040734
0,0,0.2643029305401931
0,0,0.2455063029370134
0,0,0.30085085305098963
0,0,0.33290761298928645
0,0,0.3277717288173116
0,0,0.36125515790162277
0,0,0.3521908175236707
0,0,0.3644558704362405
0,0,0.3514407638109461
0,0,0.3312124185762448
0,0,0.308693948949157
0,0,0.30131808884861067
0,0,0.17043996966224342
0,0,0.14616139870791445
0,0,0.1348372942487374
0,0,0.1922692130362878
0,0,0.2525398899961788
0,0,0.19957830674681246
0,0,0.2003643912373601
0,0,0.16923972877055093
0,0,0.14935751575357845
0,0,0.18753841083639147
0,0,0.2786246240335901
0,0,0.2690994269141162
0,0,0.2505834399584213
0,0,0.1748864789582045
0,0,0.15205133096937778
0,0,0.1339556623533476
0,0,0.14644248132664875
0,0,0.1530404084665841
0,0,0.12286677843178873
0,0,0.061333814818269286
0,0,0.15835701266000776
0,0,0.18121429102757425
0,0,0.16743603731153048
0,0,0.23077267649423372
0,0,0.22922874882259897
0,0,0.2597770615190306
0,0,0.27953192132810173
0,0,0.2802453813476564
0,0,0.2574347978017816
0,0,0.17949232326636577
0,0,0.18092789535916148
0,0,0.1688982248511781
0,0,0.07950008720303618
0,0,0.09518211697045871
0,0,0.09924167748282459
0,0,0.09027664932211871
0,0,0.09235329894537804
0,0,0.11055267568059256
0,0,0.19342418367842992
0,0,0.1943527002821561
0,0,0.1995490821807088
0,0,0.1694857323708595
0,0,0.12614744043005804
0,0,0.1179899678047468
0,0,0.12895365268329276
0,0,0.13561803240589443
0,0,0.11064767327906992
0,0,0.06290522580880419
0,0,0.06765174613674858
0,0,0.09587067291873586
0,0,0.1045061395723188
0,0,0.14414843661996027
0,0,0.13396495414865314
0,0,0.1266474729628279
0,0,0.15261607353685575
0,0,0.1980043029960161
0,0,0.20893998637955055
0,0,0.174715338012614
0,0,0.13756958842238548
0,0,0.14909136921882465
0,0,0.12981711320114972
0,0,0.13865133163840074
0,0,0.1323267383234441
0,0,0.12090359981625624
0,0,0.1561760117854782
0,0,0.1450871796334936
0,0,0.21361113940667964
0,0,0.2460126806459277
0,0,0.3001428543758405
0,0,0.26586917127701276
0,0,0.28728795929069023
0,0,0.34256087614615244
0,0,0.34901492250228655
0,0,0.2684776285717749
0,0,0.2705554205142258
0,0,0.21423231834664153
0,0,0.25156210327609624
0,0,0.294013979409558
0,0,0.37412757861333834
0,0,0.32821500561785566
0,0,0.26839683149980653
0,0,0.2799764282365431
0,0,0.36501094230479986
0,0,0.26186863729602705
0,0,0.231475509873495
0,0,0.28377597725176673
0,0,0.29074346390158634
0,0,0.33309876054498366
0,0,0.47568094793527665
0,0,0.5082927476485742
0,0,0.5459203649113509
0,0,0.4260098147865446
0,0,0.4267150879916655
0,0,0.5181660176935722
0,0,0.46848012627195246
0,0,0.4356693538946727
0,0,0.3787272630438696
0,0,0.4115649891586548
0,0,0.3380323670904761
0,0,0.31927823909166336
0,0,0.4327503049608682
0,0,0.40366352619690055
0,0,0.39362921652455746
0,0,0.40799588372159273
0,0,0.3875453873054312
0,0,0.371008572983782
0,0,0.45869337799209625
0,0,0.428414765957526
0,0,0.37612489143352656
0,0,0.3983569710948258
0,0,0.34365777619453397
0,0,0.30991648324693527
0,0,0.3453898531245244
0,0,0.3758097681994292
0,0,0.37019026056024384
0,0,0.48605491726113714
0,0,0.4158058481814305
0,0,0.35933126243858227
0,0,0.32346285764794974
0,0,0.29907485153999563
0,0,0.37023982776952724
0,0,0.2697721520209462
0,0,0.3846708268195071
0,0,0.4319684870332982
0,0,0.3833575770062011
0,0,0.36752244346147583
0,0,0.3739688331580598
0,0,0.4464711422096596
0,0,0.40748353196759385
0,0,0.5384429894807667
0,0,0.6090947495099286
0,0,0.4287828409667993
0,0,0.5374734944923705
0,0,0.4976328871935025
0,0,0.5164449646316785
0,0,0.431923274179718
0,0,0.5059303515618674
0,0,0.4812011636081582
0,0,0.40785696963561524
0,0,0.36331560762467735
0,0,0.3891606962485758
0,0,0.4047206455425629
0,0,0.36888078136018465
0,0,0.4151628193978212
0,0,0.465996252039549
0,0,0.39287901804881337
0,0,0.4608357206356122
0,0,0.47199814139504925
0,0,0.39779246406224583
0,0,0.37394999618178903
0,0,0.44601527714078804
0,0,0.4255630706105787
0,0,0.39073420302133766
0,0,0.41167949247248986
0,0,0.3365099054246897
0,0,0.40519142945516257
0,0,0.41783788046755704
0,0,0.32799076011778866
0,0,0.3223409283662751
0,0,0.3233618705515253
0,0,0.3804925488796238
0,0,0.30421529940162334
0,0,0.5477405877294883
0,0,0.5262748236136535
0,0,0.5184749754380651
0,0,0.4659622159499779
0,0,0.40172045101880777
0,0,0.4076541004372029
0,0,0.3577845572989312
0,0,0.28423651058630234
0,0,0.33060281198116964
0,0,0.3350843949976641
0,0,0.41259765399084736
0,0,0.3726574670382243
0,0,0.4630213963615077
0,0,0.4264771938218396
0,0,0.3593445975152342
0,0,0.442245758450293
0,0,0.436685539517643
0,0,0.31838701436559735
0,0,0.3084446065867417
0,0,0.25455123731079743
0,0,0.22658752084286138
0,0,0.19575250501822705
0,0,0.21575060441835495
0,0,0.2373234625078406
0,0,0.2767243450303268
0,0,0.23950211409628952
0,0,0.22523408051948182
0,0,0.3040479417913456
0,0,0.2936419534078971
0,0,0.3696965200423118
0,0,0.28519511772355616
0,0,0.4460999770826839
0,0,0.4607089658903297
0,0,0.39466135230747984
0,0,0.4353881989331765
0,0,0.4117628700210532
0,0,0.5452094588341561
0,0,0.4164405359817598
0,0,0.44614071273045136
0,0,0.4435850079743055
0,0,0.38986388871796035
0,0,0.30014841659386937
0,0,0.25453421650297686
0,0,0.17922658446685916
0,0,0.21398542373248902
0,0,0.3080270754768966
1,1,2.403204386642594
1,1,9.779517355241799
1,1,9.450437321784708
1,1,9.430637930083156
1,1,9.464166122461535
1,1,9.454640578668823
1,1,9.459963431662828
1,1,9.485142603999224
1,1,9.419074025087957
1,1,9.316772766320044
1,1,7.632588757068077
0,0,0.3737888315736105
0,0,0.3057238564265379
0,0,0.215274762374916
0,0,0.22290672687473317
0,0,0.3940687036115438
1,1,3.3084472730380163
1,1,10.311166790593827
1,1,10.006261931095745
1,1,10.034787811103559
1,1,10.111859874960912
1,1,10.226230426939392
1,1,10.216637020981635
1,1,10.246306908565874
1,1,10.198191180097805
1,1,10.052005278446595
1,1,7.388925921521744
0,0,0.2405722256430623
0,0,0.28647696523334626
0,0,0.3130089374344478
0,0,0.3182495051474498
0,0,0.4525421246589614
0,0,0.4794053296960064
0,0,0.480181700729919
0,0,0.38309600915268804
0,0,0.45299803384911264
0,0,0.4954622220876241
0,0,0.5127691761562226
0,0,0.5521833502756611
0,0,0.4873929651186412
0,0,0.3351637219148797
0,0,0.3706979766432121
0,0,0.2910916891507958
0,0,0.2548915354465325
0,0,0.30777497009561483
0,0,0.27853724914446065
0,0,0.32496380837385513
0,0,0.34089994722430794
0,0,0.4009859286012991
0,0,0.36932157025019186
0,0,0.4034493259224912
0,0,0.4052357966570942
0,0,0.36530893817116583
0,0,0.29836400801917945
0,0,0.207587608672594
0,0,0.11382844168365201
0,0,0.26422603841073494
0,0,0.2505537566632002
0,0,0.35341646338799765
0,0,0.34563169264061033
0,0,0.4001672622894749
0,0,0.444195254460239
0,0,0.3594351967187841
0,0,0.3979442134699078
0,0,0.37233969302944586
0,0,0.569485857952882
0,0,0.5723509523143735
0,0,0.42416422243944113
0,0,0.4072998651992779
0,0,0.4462819121922578
0,0,0.38759406689840203
0,0,0.3991709230293556
0,0,0.37633983853646685
0,0,0.4820181101258246
0,0,0.4363211345292243
0,0,0.47285534202042023
0,0,0.39983595917573256
0,0,0.3184440612919386
0,0,0.24602097215981442
0,0,0.2701414710332808
0,0,0.29560550981576644
0,0,0.30168188977789634
0,0,0.35810508500743643
0,0,0.37976999951781537
0,0,0.43341108836405956
0,0,0.45966435155131874
0,0,0.4614164735894647
0,0,0.4005189308995851
0,0,0.4039328405296079
0,0,0.35647179804315515
0,0,0.3487439150531921
0,0,0.3532762739644767
0,0,0.35480951970575875
0,0,0.32779536618785876
0,0,0.35692499406430106
0,0,0.3828652136219424
0,0,0.36364117722274764
0,0,0.33643541521257503
0,0,0.36117335687698493
0,0,0.3779558424744986
0,0,0.41604914740944166
0,0,0.31364174220423474
0,0,0.3257791013203799
0,0,0.4233150078198881
0,0,0.4546043213592606
0,0,0.4389582426807796
0,0,0.4403322357396335
0,0,0.3202279651932342
0,0,0.37869096560873783
0,0,0.4358614603037788
0,0,0.30202375127062375
0,0,0.36160416763745246
0,0,0.3490890931465982
0,0,0.4353585651338005
0,0,0.34294933173906456
0,0,0.3505441090923732
0,0,0.36564054233376003
0,0,0.44610089112838014
0,0,0.38181372885781245
0,0,0.30129549746003764
0,0,0.4518129599533063
0,0,0.3697138541843406
0,0,0.38637367030423686
0,0,0.4485311948993095
0,0,0.4515983897379697
0,0,0.48858600070892594
0,0,0.4771231828464113
0,0,0.49863153944718897
0,0,0.5315993870296004
0,0,0.5281773675860014
0,0,0.5082513558608649
0,0,0.4348063206715866
0,0,0.391873700755069
0,0,0.31422419586368644
0,0,0.24969895522893423
0,0,0.2814054633513906
0,0,0.29811946503842246
0,0,0.4780944486800341
0,0,0.46249708351319146
0,0,0.5040032671919682
0,0,0.5200080734900249
0,0,0.43639699896901757
0,0,0.46319448627780274
0,0,0.36449578046756914
0,0,0.5024894312013587
0,0,0.6341974452571998
0,0,0.4910055240974262
0,0,0.48061884607612515
0,0,0.5227140377693171
0,0,0.5350420979725912
0,0,0.41036617878752824
0,0,0.4055474216806694
0,0,0.4041816160513275
0,0,0.2888952338995299
0,0,0.2660227927499796
0,0,0.23153048812548868
0,0,0.241612627231696
0,0,0.21630954281891981
0,0,0.17651720587782818
0,0,0.2006076954937049
0,0,0.21020670004493922
0,0,0.2783031386125848
0,0,0.31622570359648283
0,0,0.3082640939491688
0,0,0.38142335241616815
0,0,0.37282024210487547
0,0,0.40712925233373565
0,0,0.4070054725388713
0,0,0.45470188437566594
0,0,0.4788884971698863
0,0,0.4890789639836586
0,0,0.5103996748377894
0,0,0.5337135091521504
0,0,0.32413318376865774
0,0,0.4410299349516459
0,0,0.4357343413668689
0,0,0.5514822511576392
0,0,0.4331198276420867
0,0,0.42478138602762816
0,0,0.36888362161225013
0,0,0.335777592932744
0,0,0.32821294842162885
0,0,0.27459496820292917
0,0,0.29107316039287434
0,0,0.30793535027905705
0,0,0.24291987299931722
0,0,0.27037432567144404
0,0,0.2557253564922912
0,0,0.22944699414819913
0,0,0.22258564959271707
0,0,0.2525213641159834
0,0,0.30723647948215943
0,0,0.3668233739618578
0,0,0.351802742799401
0,0,0.4140994191462808
0,0,0.3629320897199786
0,0,0.3740760134933815
0,0,0.5099344783665425
0,0,0.5938968189324437
0,1,0.6952767763468374
0,0,0.6499089364333707
0,0,0.5666375478852783
0,0,0.5231532277651846
0,0,0.4104172538082309
0,0,0.3455675888507159
0,0,0.3073513785563192
0,0,0.2527185150244956
0,0,0.26730662241194436
0,0,0.08777111172746024
0,0,0.1010277422140015
0,0,0.18687637003798738
0,0,0.4122691436912042
0,0,0.5386774720038295
0,0,0.4846130308459579
0,0,0.49535207903509504
0,0,0.4898787421477616
0,0,0.43165089619831126
0,0,0.42114299455035403
0,0,0.5844769971128972
0,0,0.5665916625720793
0,0,0.5517615490675493
0,0,0.33723165116256837
0,0,0.34804997098619506
0,0,0.2810310760232147
0,0,0.21604945779847387
0,0,0.12772667417283715
0,0,0.12535142319123516
0,0,0.10079927511454935
0,0,0.09122337150593172
0,0,0.1557747273177066
0,0,0.23915729774984773
0,0,0.28363296598809384
0,0,0.27623756458095894
0,0,0.33357419857364645
0,0,0.3717886868023348
0,0,0.27816716793306356
0,0,0.19021684818032866
0,0,0.20824028116928467
0,0,0.2430325080356809
0,0,0.3408955360902568
0,0,0.42960350623810645
0,0,0.46025011053250975
0,0,0.4805231614140841
0,0,0.39800665248669614
0,0,0.33052761096915145
0,0,0.40862772517062684
0,0,0.40059959959046104
0,0,0.27746778602076977
0,0,0.3385308384370588
0,0,0.4022885949058467
0,0,0.5328897787550626
0,0,0.5314984146714433
0,0,0.46525168503471814
0,0,0.3223652576706785
0,0,0.39385216501598397
0,0,0.29780088686295214
0,0,0.2294153602043155
0,0,0.15913703329538867
0,0,0.13936572596549038
0,0,0.12204857406100662
0,0,0.11825055852577955
0,0,0.11850663776681009
0,0,0.10341368058389787
0,0,0.0589211898704156
0,0,0.06382487687272063
0,0,0.03919983820987135
0,0,0.03187625465452686
0,0,0.036953349481988924
0,0,0.0464387565912334
0,0,0.06353470887388608
0,0,0.06951417967010118
0,0,0.07315801406520904
0,0,0.0672364715918017
0,0,0.12249126802202566
0,0,0.14957288781348113
0,0,0.1915842909618005
0,0,0.32979996551860163
0,0,0.31018340258797467
0,0,0.29053379668216517
0,0,0.29314924571253176
0,0,0.24876701262861742
0,0,0.29331346310321477
0,0,0.16221954671036456
0,0,0.17176951051350087
0,0,0.14854877456796084
0,0,0.13400808682703758
0,0,0.1269805412056313
0,0,0.19023190650091334
0,0,0.26245446132138345
0,0,0.2274058167160368
0,0,0.19090007419550875
0,0,0.15890320493311919
0,0,0.14774883570444253
0,0,0.14917345198128495
0,0,0.17052491943472328
0,0,0.2547094567619225
0,0,0.22469940405620914
0,0,0.28638452709108525
0,0,0.30515601819061416
0,0,0.33915982819729973
0,0,0.34522876899466254
0,0,0.38866209227324544
0,0,0.456721770253
0,0,0.45646554684881924
0,0,0.3958387355939063
0,0,0.3689758409089099
0,0,0.36299333852958104
0,0,0.2461600416250466
0,0,0.096797908334099
0,0,0.1060135376672198
0,0,0.12054897978176896
0,0,0.1231452789726115
0,0,0.11391354675237564
0,0,0.11829307814643632
0,0,0.10653515164192986
0,0,0.13328784483929595
0,0,0.15133863115173277
0,0,0.21029051437879237
0,0,0.21506187711031913
0,0,0.30211968781775406
0,0,0.3747869552232229
0,0,0.39185427974052894
0,0,0.4072949861474626
0,0,0.5026550160878062
0,0,0.5052556366106646
0,0,0.553774868059429
0,0,0.5381519022898326
0,0,0.5598173809119414
0,0,0.4224655116435132
0,0,0.4055002824106979
0,0,0.45557796992758254
0,0,0.4787083229581268
0,0,0.5183611977884913
0,0,0.48721709490092713
0,0,0.532565127643836
0,0,0.4302254133414314
0,0,0.38992185196795814
0,0,0.49521299572323657
0,0,0.4288367739024221
0,0,0.4179143918518613
0,0,0.4292711211716624
0,0,0.4387077217993401
0,0,0.47572187847889874
0,0,0.4539574020052107
0,0,0.4572623705160093
0,0,0.44490838084243944
0,0,0.40262132771593045
0,0,0.3252150783923972
0,0,0.22633302646192807
0,0,0.377351681744073
0,0,0.4104245749243444
0,0,0.39096337184502467
0,0,0.4824524033780453
0,0,0.46860845481976776
0,0,0.5727663205555469
0,0,0.48635682930841967
0,0,0.5664226529918784
0,0,0.5371886681613462
0,0,0.5404078365813052
0,0,0.5085919094864085
0,0,0.4648563651062129
0,0,0.3869245413949036
0,0,0.5468817725712558
0,0,0.45916222573301513
0,0,0.41232419650274693
0,0,0.3379490149735717
0,0,0.4198326733620586
0,0,0.4100487497396329
0,0,0.44090037797458276
0,0,0.42562445171354873
0,0,0.4919656267014249
0,0,0.47010203383621185
0,0,0.46409645683343725
0,0,0.458037259009617
0,0,0.4131558750104591
0,0,0.31040953355461565
0,0,0.2232072588809304
0,0,0.45421874560365755
0,0,0.4066384750079936
0,0,0.37006232213783813
0,0,0.38514359000164367
0,0,0.3697746026005369
0,0,0.40535235884216486
0,0,0.3606254253413921
0,0,0.5694544499949263
0,0,0.5506805021754122
0,0,0.3746623612494721
0,0,0.35567977888709573
0,0,0.364253100327169
0,0,0.2927702777948934
0,0,0.258307454845015
0,0,0.28180232563844815
0,0,0.2076904812483636
0,0,0.17408310433930005
0,0,0.17190789561157796
0,0,0.19827842071533433
0,0,0.22079464416997102
0,0,0.3363034541044296
0,0,0.33679581912958634
0,0,0.3677969037752235
0,0,0.28355963956613234
0,0,0.25449622147081774
0,0,0.3102385745384929
0,0,0.3102144543275817
0,0,0.3122949665860528
0,0,0.4133200210281965
0,0,0.5069720390636032
0,0,0.42317534833603826
0,0,0.35820385611071465
0,0,0.4085730940925163
0,0,0.406543416626319
0,0,0.3498928161064508
0,0,0.31672874957005015
0,0,0.3146516256190555
0,0,0.23215274575497505
0,0,0.2877070861506165
0,0,0.3769615577768948
0,0,0.3548710905674987
0,0,0.28505461370085033
0,0,0.32871997394490915
0,0,0.3220989454792803
0,0,0.37432731288125864
0,0,0.3316825378997004
0,0,0.34538718108937283
0,0,0.31115440530101574
0,0,0.25360618555000114
0,0,0.23569648850632272
0,0,0.24081668272732637
0,0,0.24349347939108687
0,0,0.3075752843703911
0,0,0.30038264364847905
0,0,0.27759508226627383
0,0,0.35923691137094166
0,0,0.37414933062030664
0,0,0.4173017914290625
0,0,0.439398039915746
0,0,0.4357658826703714
0,0,0.3701049229270967
0,0,0.3461671132045205
0,0,0.3921299163768693
0,0,0.38302184586540966
0,0,0.3271804884318973
0,0,0.3689349341923572
0,0,0.31938157310831244
0,0,0.3163216086752388
0,0,0.363228173886577
0,0,0.37329636553601403
0,0,0.3215141022533681
0,0,0.26845694747101817
0,0,0.36303580631416826
0,0,0.35642914761304284
0,0,0.27741514802831774
0,0,0.3389574898846504
0,0,0.39665951524235626
0,0,0.42898150126423135
0,0,0.43985982378640803
0,0,0.5585812615985638
0,0,0.5720424557851431
0,0,0.5725810391753144
0,0,0.44935327684049076
0,0,0.4393889318871604
0,0,0.4156830682387455
0,0,0.32346357677119436
0,0,0.23475018825886115
0,0,0.2197420789094622
0,0,0.21908316931217142
0,0,0.11944697904192958
0,0,0.1397293068005918
0,0,0.20123552014539806
0,0,0.2577474924983388
1,1,2.3245678738037654
1,1,7.530776785683325
1,1,7.145529914503133
1,1,7.2564879548647
1,1,7.414291525934589
1,1,7.384431823199405
1,1,7.345969332715954
1,1,7.410861089140806
1,1,7.500634238178442
1,1,7.3833914261515
1,1,5.791747147237179
0,0,0.4417589128328304
0,0,0.3688070423762352
0,0,0.2508298425266597
0,0,0.198328350812047
0,0,0.18167150546839758
0,0,0.17510007891687812
0,0,0.10997347666723964
0,0,0.21246105872683713
0,0,0.22952126828328
0,0,0.23316804126388654
0,0,0.2704604413362378
0,0,0.34662943926584544
0,0,0.3046446415912043
0,0,0.2764954401303639
0,0,0.2645632070673922
0,0,0.2555528514888614
0,0,0.23886474025045545
0,0,0.302131503252516
0,0,0.26829369697776473
0,0,0.33138505573689475
0,0,0.3207703303538409
0,0,0.3225029082407161
0,0,0.3586943657076729
0,0,0.3315076782359854
0,0,0.321848698927074
0,0,0.18654535004628764
0,0,0.2920606036950528
0,0,0.41633262402314397
0,0,0.4625687664245035
0,0,0.37308597723283937
0,0,0.444780689840479
0,0,0.46041671468643397
0,0,0.3304967127227015
0,0,0.35756613998371295
0,0,0.3673157953587681
0,0,0.3818214982341612
0,0,0.39966784286172174
0,0,0.3520811978780654
0,0,0.3846469956789464
0,0,0.2665666312084621
0,0,0.36884872160959353
0,0,0.36343896878330273
0,0,0.37575239521388965
0,0,0.3642095743631445
0,0,0.33921153417207844
0,0,0.34592916740991786
0,0,0.2872129046154439
0,0,0.3710879119052054
0,0,0.3514665073193389
0,0,0.3959079050543906
0,0,0.38287782687205135
0,0,0.3398063196985722
0,0,0.2782267589225637
0,0,0.3111065446743475
0,0,0.2865283890323125
0,0,0.276265329233935
0,0,0.36717421888514823
0,0,0.44144920242651714
0,0,0.44772927508400145
0,0,0.381087779457979
0,0,0.364139319037556
0,0,0.27706540231281757
0,0,0.22909653545542388
0,0,0.15825526752274796
0,0,0.14476393342099567
0,0,0.2032475831343793
0,0,0.138578916218721
0,0,0.2800958834349744
0,0,0.2957156413919259
0,0,0.32735994541449953
0,0,0.3221670805464435
0,0,0.30165000492368543
0,0,0.3572602099052514
0,0,0.25614413392721547
0,0,0.34063185510390415
0,0,0.3463151257273934
0,0,0.34722780680653265
0,0,0.31695961575075143
0,0,0.32845979334119974
0,0,0.3089959723649588
0,0,0.3020816279630247
0,0,0.23557548838741732
0,0,0.2220054318008789
0,0,0.2531991873081899
0,0,0.2570893747522877
0,0,0.31769589418322314
0,0,0.31359342148091457
0,0,0.32605462109225586
0,0,0.31853948703233775
0,0,0.38987348212335515
0,0,0.3700002137966066
0,0,0.3734425409795194
0,0,0.29834733829745613
0,0,0.27492086010485434
0,0,0.29502924813932685
0,0,0.31622033290331036
0,0,0.3684125316701102
0,0,0.3500889534975532
0,0,0.342964287155558
0,0,0.30269432631032617
0,0,0.24083972389453479
0,0,0.21498802735000513
0,0,0.19712061226146804
0,0,0.20666507965222453
0,0,0.3094576824452983
0,0,0.35651499266011827
0,0,0.47186860106170975
0,0,0.45420908259766113
0,0,0.42215552576607496
0,0,0.4313210812345182
0,0,0.37078032117863713
0,0,0.4554786187967755
0,0,0.45546216455972127
0,0,0.41348453530437235
0,0,0.38252115796102865
0,0,0.3075363099144239
0,0,0.3186560196355226
0,0,0.3066841356371641
0,0,0.3904783847977685
0,0,0.41803617023705364
0,0,0.37428713757857085
0,0,0.3727955960479612
0,0,0.4174619464329625
0,0,0.47218093270012185
0,0,0.40043710790776765
1,1,2.6092353796257903
1,1,2.352260532990166
1,1,2.3005693014414614
1,1,2.342652987972911
1,1,2.311476930560618
1,1,2.3796759095592024
1,1,2.3699552418184204
1,1,2.3109882299524673
1,1,2.194878944987231
1,1,5.301713806106773
1,1,3.1141985010256796
1,1,3.1653925233459836
1,1,3.175517201613931
1,1,3.163681390660908
1,1,3.1616752073176166
1,1,3.1058368079037137
1,1,3.088859068361504
1,1,3.0343435877256684
1,1,2.9454868350440293
0,0,0.2136184245174637
0,0,0.1325800064521106
0,0,0.08356499917449756
0,0,0.10353331358520025
0,0,0.10137141644111547
0,0,0.20826422806650424
0,0,0.19674215465044478
0,0,0.22211323006398384
0,0,0.21610282005824213
0,0,0.3456897723424058
0,0,0.2524039856887335
0,0,0.23108881105437748
0,0,0.2695787586152149
0,0,0.21435909760596222
0,0,0.24228420529599118
0,0,0.2547285202804532
0,0,0.2970011601089082
0,0,0.2790245694231233
0,0,0.30165185837994757
0,0,0.3054259147806127
0,0,0.344766987400816
0,0,0.34477337911976036
0,0,0.3233474190595775
0,0,0.33300065411074403
0,0,0.32858207183474697
0,0,0.3597261853557557
0,0,0.3363758276455746
0,0,0.37943164837720766
0,0,0.35186579846932114
0,0,0.3427793644546157
0,0,0.38083529336792055
0,0,0.3582271103497889
0,0,0.3738651295789461
0,0,0.28150611650478785
0,0,0.3572403042030781
0,0,0.41149800544976217
0,0,0.4766555682837104
0,0,0.4255849139603689
0,0,0.38857702318781506
0,0,0.46538562765829017
0,0,0.5105916386863268
0,0,0.5777969954950397
0,0,0.6530266594844152
0,0,0.5638842779893228
0,0,0.5532359888014662
0,0,0.5602178704970133
0,0,0.5013450069322972
0,0,0.6095863123227231
0,1,0.7037948566499947
0,1,0.7569568021022629
0,0,0.6337886615974586
0,0,0.6501099193305572
0,0,0.431393761117589
0,0,0.3737891994036149
0,0,0.47643588915209767
0,0,0.45046217383455717
0,0,0.3817173310845786
0,0,0.3471504834137266
0,0,0.37721978155782127
0,0,0.3437328913506115
0,0,0.32044651407715374
0,0,0.429726842581598
0,0,0.46038893447766654
0,0,0.44117647958054323
0,0,0.4333654809665232
0,0,0.43395638743656284
0,0,0.4698579318991272
0,0,0.4024018948504393
0,0,0.38857427700304226
0,0,0.3947709137833351
0,0,0.3742990288589837
0,0,0.41218163910158995
0,0,0.325422821808238
0,0,0.29881523931364057
0,0,0.4247656322039175
0,0,0.5107581087546268
0,0,0.5943128415226849
0,0,0.5813374824888082
0,0,0.5342354406945772
0,0,0.5098401940689422
0,0,0.47686054099349834
0,0,0.5650608038780759
0,0,0.5308947232949326
0,0,0.6045035999489776
0,0,0.4215610313759476
0,0,0.39742434859923026
0,0,0.3465621233411498
0,0,0.31932587654768124
0,0,0.29778344196607603
0,0,0.27940332767389325
0,0,0.3071525655097922
0,0,0.2731421957933496
0,0,0.275965966037857
0,0,0.2304690898438999
0,0,0.32854379000224765
0,0,0.33154725032915383
0,0,0.3075162743943809
0,0,0.31480199735970454
0,0,0.3410378218345721
0,0,0.327976651955491
0,0,0.31726024701285566
0,0,0.3099977592268033
0,0,0.31769451379558533
0,0,0.29796124863679174
0,0,0.38060240421795194
0,0,0.37177938999001175
0,0,0.34729757342050127
0,0,0.3105639222168071
0,0,0.27553846681886984
0,0,0.3860275144517156
0,0,0.2938624600947513
0,0,0.4915727505539468
0,0,0.5047261945330253
0,0,0.4979768650613851
0,0,0.43472534414031483
0,0,0.3883819264720617
0,0,0.47691561832440416
1,1,0.685160320033055
1,1,0.7291019760473374
1,1,0.6971996601596092
1,1,0.7108425874506202
1,0,0.46462072918674063
1,0,0.501318179760363
1,0,0.5066867758422635
1,0,0.5220191925445912
1,0,0.5601257595194388
1,0,0.5701544340794347
0,0,0.2829074397777749
0,0,0.22810486339361036
0,0,0.3123641537963195
0,0,0.24215698210226866
0,0,0.3123901774666911
0,0,0.3247899242870121
0,0,0.3125657599349874
0,0,0.3460131664274881
0,0,0.2811898291978411
0,0,0.4027784516890594
0,0,0.3456272971031541
0,0,0.3895258948175435
0,0,0.3715627581758703
0,0,0.32600814165181424
0,0,0.27333424015088137
0,0,0.21502587001240156
0,0,0.2918649255448316
0,0,0.3284617930096391
0,0,0.30681720364353826
0,0,0.44232171469361414
0,0,0.3285721623080998
0,0,0.3278620375281152
0,0,0.3062063282472534
0,0,0.28965768517298834
0,0,0.386086709203505
0,0,0.34368960190445386
0,0,0.3006765807597158
0,0,0.313839035966357
0,0,0.3627077955769908
0,0,0.3039833518336825
0,0,0.26904596884631776
0,0,0.3431240666863892
0,0,0.32508814111310363
0,0,0.2989781405841224
0,0,0.24471550192778224
0,0,0.3881473147519205
0,0,0.39034434768217585
0,0,0.4674645219816534
0,0,0.4377038670139238
0,0,0.4200528069329511
0,0,0.3873080039693457
0,0,0.29537631530994446
0,0,0.28795587382746896
0,0,0.24790561608152484
0,0,0.31547164383718845
0,0,0.4267500305282224
0,0,0.28511014619066277
0,0,0.28581971805221096
0,0,0.434032425948596
0,0,0.34660000335280927
0,0,0.3916988271933764
0,0,0.3456568950901415
0,0,0.30787556487703627
0,0,0.27596193089461246
0,0,0.19999183765290848
0,0,0.2209359509630646
0,0,0.1765333652999634
0,0,0.16023264423512731
0,0,0.1640168136711362
0,0,0.2480820617824682
0,0,0.21953339823632748
0,0,0.2597537536008834
0,0,0.24842151685074054
0,0,0.3362444383622849
0,0,0.31498998406281475
0,0,0.2847159097347144
0,0,0.3055974154381619
0,0,0.2544903942819016
0,0,0.39755643782962025
0,0,0.2928980026759936
0,0,0.36179807338676184
0,0,0.3998300027691544
0,0,0.34458598257364825
0,0,0.31081894999353465
0,0,0.2725712582527493
0,0,0.3038991294779842
0,0,0.311000618946243
0,0,0.32043622914962183
0,0,0.2974741104338541
0,0,0.29256602538016496
0,0,0.2482776153002721
0,0,0.29100726889310374
0,0,0.25474145578694607
0,0,0.39108108771623434
0,0,0.4005456222456818
0,0,0.4601224713752375
0,0,0.4392064915148101
0,0,0.4199679123145459
0,0,0.4128311429367585
0,0,0.3511988572997988
0,0,0.48502393190855486
0,0,0.510118016757774
0,0,0.4471527730909258
0,0,0.3813641949996803
0,0,0.3025181332156016
0,0,0.2308768247662486
0,0,0.22785512684140538
0,0,0.1855610098457935
0,0,0.19724980473487302
0,0,0.29369470656057306
0,0,0.31394609637739007
0,0,0.31294072518583843
0,0,0.29549628436346165
0,0,0.26167050585619084
0,0,0.2931920827414865
0,0,0.29894990490556966
0,0,0.3806343747662828
0,0,0.3890603443043576
0,0,0.43163831080673604
0,0,0.42174511905240575
0,0,0.39751586249015664
0,0,0.348166644594272
0,0,0.3852673033424819
0,0,0.27600264378949607
0,0,0.4532092515134377
0,0,0.5327043209549869
0,0,0.4836608012828153
0,0,0.4385857602245322
0,0,0.39043984009020827
0,0,0.39242093453678095
0,0,0.42599299620658754
0,0,0.46317696762420346
0,0,0.4157914561582906
0,0,0.42797277558446184
0,0,0.40098840874319036
0,0,0.41141666532518306
0,0,0.34339704551453526
0,0,0.3850961583060642
0,0,0.37731441081115424
0,0,0.30553321832968344
0,0,0.2588708622549507
0,0,0.22984035935278463
0,0,0.2326970501074001
0,0,0.164188164353071
0,0,0.13802460156044427
0,0,0.14752034951068194
0,0,0.1504784698816987
0,0,0.18268032897880826
0,0,0.21349227243950028
0,0,0.2535855551790962
0,0,0.2783502587534719
0,0,0.2357415819655874
0,0,0.22364195940464526
0,0,0.22075017109013495
0,0,0.1904267216383828
0,0,0.14066402590736446
0,0,0.09692023052649283
0,0,0.09162123520800637
0,0,0.08858874503551535
0,0,0.08864654721411817
0,0,0.12143184460547347
0,0,0.1280679325966259
1,1,2.2140243353637166
1,1,7.6665026211006
1,1,7.373373948100915
1,1,7.379843570223657
1,1,7.525996472188441
1,1,7.4903973527562355
1,1,7.4670789086848055
1,1,7.566572415019625
1,1,7.476702178915226
1,1,7.370743387852266
1,1,5.715474143732309
0,0,0.33306425530747064
0,0,0.29798918543441233
0,0,0.22023321123712303
0,0,0.1537667731546164
0,0,0.088005680783096
0,0,0.1529782141765166
0,0,0.22242147428214976
0,0,0.253333893130665
0,0,0.31733141398131415
0,0,0.3052017635018508
0,0,0.26162773095658837
0,0,0.3230038706392949
0,0,0.3377898047488996
0,0,0.3309031182539282
0,0,0.3608581911923398
0,0,0.37381126808161674
0,0,0.405181358957936
0,0,0.4256232034251591
0,0,0.47555491461283533
0,0,0.48096459025665295
0,0,0.43531874366966233
0,0,0.4612129224474058
0,0,0.46259655592511006
0,0,0.43806422301074355
0,0,0.4158105458142632
0,0,0.4354971310191962
0,0,0.3729577759503514
0,0,0.37483045701824613
0,0,0.392458381370474
0,0,0.398937233717817
0,0,0.35323440769474246
0,0,0.3328857758904869
0,0,0.28982814196132
0,0,0.3192599587705587
0,0,0.27423420895535616
0,0,0.2730145558434951
0,0,0.268109753064129
0,0,0.3762318773640663
0,0,0.3851152293098922
0,0,0.3148684551985335
0,0,0.3915823499907794
0,0,0.34962957419029367
0,0,0.3619177738512225
0,0,0.4880048680311338
0,0,0.40342040818323477
0,0,0.37359706946107024
0,0,0.49956492833237515
0,0,0.4413980974749723
0,0,0.3952937695922075
0,0,0.4106643223979464
0,0,0.3681660865616646
0,0,0.42051500493134975
0,0,0.40886010328463507
0,0,0.3746693425213576
0,0,0.32840805063838396
0,0,0.30904927926609277
0,0,0.3298541441241848
0,0,0.32896026977067094
0,0,0.3129542998477344
0,0,0.28791973009596866
0,0,0.23434623884600483
0,0,0.2922647771317574
0,0,0.3531973685877177
0,0,0.32402417395104327
0,0,0.40106373999168016
0,0,0.3091550144410103
0,0,0.34596012857539366
0,0,0.37880932808749396
0,0,0.37444328376648955
0,0,0.3028074161411318
0,0,0.4673327406508608
0,0,0.3863049297239987
0,0,0.3873741318637457
0,0,0.35919337748653757
0,0,0.31706570872862444
0,0,0.3260872834065575
0,0,0.4187767555109251
0,0,0.34440233789916547
0,0,0.3149646135537153
0,0,0.26720227250354295
0,0,0.3128626418506108
0,0,0.38165781452225317
0,0,0.25711083213505403
0,0,0.36239195286933046
0,0,0.3341735995888753
0,0,0.2918429963159986
0,0,0.40703423028077007
0,0,0.34613324993716127
0,0,0.3728726480315776
0,0,0.4827593464080081
0,0,0.4521085555876729
0,0,0.4159333325101686
0,0,0.47903772470429384
0,0,0.4696674601447378
0,0,0.40287299022699125
0,0,0.554996741630566
0,0,0.4959066021981347
0,0,0.47852860510541473
0,0,0.36586318448333716
0,0,0.3689486188122015
0,0,0.3498949782243122
0,0,0.31967794551867423
0,0,0.27017461134720727
0,0,0.2677543481627862
0,0,0.334714939984728
0,0,0.219200564598798
0,0,0.3224835323221401
0,0,0.34677775064008654
0,0,0.3148077159674495
0,0,0.30799743369685445
0,0,0.41470466941999123
0,0,0.43810139671023646
0,0,0.4348980664532195
0,0,0.42095111127266593
0,0,0.35547269869571685
0,0,0.3463031489231362
0,0,0.3643804691496324
0,0,0.35216949503927736
0,0,0.4005598456253064
0,0,0.40675902484984394
0,0,0.338533760974598
0,0,0.39307689826395503
0,0,0.4443342325580211
0,0,0.429932423232389
0,0,0.4503566923511889
0,0,0.4560364402836608
0,0,0.3998901696021278
0,0,0.37408162608857964
0,0,0.38386686277174636
0,0,0.31304744589428496
0,0,0.30996413565452435
0,0,0.3002145477773288
0,0,0.2597350166420472
0,0,0.23599096110561787
0,0,0.36475303909100193
0,0,0.3733058478105419
0,0,0.34083632604041664
0,0,0.47727391296607485
0,0,0.4638651436124046
0,0,0.5346442465744357
0,0,0.4895309502338967
0,0,0.5304210237614185
0,0,0.5348450819161747
0,0,0.4338800767664071
0,0,0.4580604597417185
0,0,0.517538910316497
0,0,0.400619418454697
0,0,0.4257832139893306
0,0,0.4660182962587185
0,0,0.4159465627371345
0,0,0.40911412676450964
0,0,0.5494848178400251
0,0,0.464122812357889
0,0,0.47480941271806815
0,0,0.41066995811725604
0,0,0.4138934021599888
0,0,0.3612790982290363
0,0,0.42034318291141265
0,0,0.32261487000257266
0,0,0.29023076564460976
0,0,0.29916666736958586
0,0,0.32298267998939517
0,0,0.3094031807662658
0,0,0.31110963578683054
0,0,0.39568942455704237
0,0,0.36835634272825846
0,0,0.3290863882287763
0,0,0.4201789422137961
0,0,0.3337864907316966
0,0,0.3455044240523019
0,0,0.45359846173092067
0,0,0.4616576669558125
0,0,0.5355970906699298
0,0,0.45586396457403194
0,0,0.41655933513544036
0,0,0.451954670150697
0,0,0.40556399867103016
0,0,0.3943104154143622
0,0,0.3983418022021268
0,0,0.3618053390307322
0,0,0.38467312330072456
0,0,0.37610628982621136
0,0,0.3877371509244568
0,0,0.4131170289052449
0,0,0.3371201842972752
0,0,0.34393198169072914
0,0,0.2859801009335794
0,0,0.2638647105257367
0,0,0.37472740971880925
0,0,0.357581959614043
0,0,0.3867991974289564
0,0,0.2899174563428652
0,0,0.30688068122994994
0,0,0.4162097298477402
0,0,0.34188668657572724
0,0,0.39139328925710604
0,0,0.34395223180943235
0,0,0.3060476228338408
0,0,0.25576064302358753
0,0,0.2412458586835924
0,0,0.26910381602980604
0,0,0.24449863966907245
0,0,0.2143722919118296
0,0,0.2247291850505819
0,0,0.23115192623300654
0,0,0.27379004334821944
0,0,0.2650932376071298
0,0,0.24426999728809048
0,0,0.43958327615118237
0,0,0.29017331439073935
0,0,0.3158923993007899
0,0,0.436784079922807
0,0,0.42447379955875897
0,0,0.39527942520163006
0,0,0.44326185579639243
0,0,0.40770552291832013
0,0,0.4511657906290517
0,0,0.3494190174209968
0,0,0.34953060840784456
0,0,0.3506052466333599
0,0,0.2937392143004348
0,0,0.30070452350877724
0,0,0.2422879260998352
0,0,0.28463409720831945
0,0,0.2900275769973746
0,0,0.39388445477074685
0,0,0.39665100567979733
0,0,0.45445287221775316
0,0,0.37613248829774687
0,0,0.3787378385515513
0,0,0.4939448448469029
0,0,0.3978656216766455
0,0,0.42534283494492087
0,0,0.4020991808489251
0,0,0.38737881357940207
0,0,0.3687152684825427
0,0,0.40204082077590075
0,0,0.3802170691734554
0,0,0.3538755390822466
0,0,0.37725811756613536
0,0,0.38686831994925425
0,0,0.37891782909306104
0,0,0.35787021855064755
0,0,0.38537316294807716
0,0,0.40651260256749017
0,0,0.5032115427635927
0,0,0.43663562658300203
0,0,0.5084573080393848
0,0,0.4369713799068792
0,0,0.4368246099180374
0,0,0.4362957774850311
0,0,0.47763789215241814
0,0,0.4320252606938436
0,0,0.377868492076109
0,0,0.4112143801767135
0,0,0.3198791430350492
0,0,0.3407090001265604
0,0,0.26855055414633044
0,0,0.3370074369036902
0,0,0.35079342238683925
0,0,0.29908197110840173
0,0,0.3255664870795017
0,0,0.2790047907228678
0,0,0.4402945794722828
0,0,0.4035118330055577
0,0,0.39535894719751935
0,0,0.3739465194383664
0,0,0.33536526122535815
0,0,0.35898634346665187
0,0,0.3632759747629075
0,0,0.5209914784187663
0,0,0.4048376670620212
0,0,0.30519592783299826
0,0,0.35646659772893313
0,0,0.31315121223859393
0,0,0.32217420847144523
0,0,0.36504850445463394
0,0,0.349117235935488
0,0,0.3516142577837873
0,0,0.2730221394911139
0,0,0.3015789682501415
0,0,0.2752189370403222
0,0,0.23700672198802078
0,0,0.3018590125955425
0,0,0.22060754895902868
0,0,0.3220420129447382
0,0,0.3061059107758154
0,0,0.2540037159404743
0,0,0.348113452712705
0,0,0.34446683285256247
0,0,0.28916969255184055
0,0,0.34759879647839653
0,0,0.3384620481329831
0,0,0.3322969642789497
0,0,0.33250127145454134
0,0,0.30679829223779626
0,0,0.26768207672835537
0,0,0.21560744863175338
0,0,0.2321298064012018
0,0,0.296292690385121
0,0,0.3103642697132271
0,0,0.22650474607982432
0,0,0.2905260412539432
0,0,0.2979642668620075
0,0,0.30262435650493874
0,0,0.3108098909954488
0,0,0.332861560099423
0,0,0.29757673173129984
0,0,0.29837341758925423
0,0,0.32807953800363593
0,0,0.3278379379837321
0,0,0.32820747395872096
0,0,0.24719425476850776
0,0,0.4404718553450705
0,0,0.4370708554059597
0,0,0.43375537092628175
0,0,0.39163973804652547
0,0,0.32500205250977693
0,0,0.33472945343308375
0,0,0.32600475781763955
0,0,0.40059732442696583
0,0,0.3812976462514582
0,0,0.3455488492099006
0,0,0.396884753229006
0,0,0.40415625701275965
0,0,0.3101290333358338
0,0,0.36476607232057867
0,0,0.4271515910414321
0,0,0.3494405001011756
0,0,0.39408757404122513
0,0,0.3276709706700861
0,0,0.3168332503064729
0,0,0.34781054305019116
0,0,0.3796721464927303
0,0,0.330004418388088
0,0,0.29355259525520977
0,0,0.4367218161572048
0,0,0.43412902945279824
0,0,0.40876900950388
0,0,0.46856146675943605
0,0,0.4189043694314802
0,0,0.39892741590243685
0,0,0.3483656047843947
0,0,0.33133567621643406
0,0,0.2942416815891625
0,0,0.40749722155465096
0,0,0.4162333743892634
0,0,0.337921786810244
0,0,0.33709900476731186
0,0,0.3454151416144547
0,0,0.35206331544797625
0,0,0.30702194254706944
0,0,0.32622709233076674
0,0,0.39935236695533377
0,0,0.3552660579011257
0,0,0.26785922058370354
0,0,0.34098751299474933
0,0,0.29517512722166805
0,0,0.3311890926888692
0,0,0.4228573254599491
0,0,0.5205287877914907
0,0,0.4391123505527566
0,0,0.3817473820664083
0,0,0.4239444856143985
0,0,0.36846749709051263
0,0,0.3466194107656121
0,0,0.3375132874159541
0,0,0.28772868591482104
0,0,0.2764910073081227
0,0,0.293217710108556
0,0,0.27622380332570423
0,0,0.231528707054526
0,0,0.32125470858105765
0,0,0.33421036105455926
0,0,0.3414970929271931
0,0,0.3837170245451298
0,0,0.3661825742223417
0,0,0.3625776942287374
0,0,0.35683624138361425
0,0,0.34269994513625207
0,0,0.3233109382326589
0,0,0.26698997757098514
0,0,0.3271632889231676
0,0,0.32660885127308625
0,0,0.27117924282247025
0,0,0.19615816334848124
0,0,0.22570877253406613
0,0,0.22109201690581137
0,0,0.20049071605067095
0,0,0.3147442060747701
0,0,0.27370458633727235
0,0,0.2848685951574395
0,0,0.2956837516386754
0,0,0.2977800589003209
0,0,0.32529916769253764
0,0,0.3957094953325843
0,0,0.3918500317267275
0,0,0.365066518971294
0,0,0.3992714481441331
0,0,0.3119604282837111
0,0,0.33514166991069033
0,0,0.4301282514271616
0,0,0.43913605518315746
0,0,0.48723049653026607
0,0,0.36127291388280686
0,0,0.38038827675207987
0,0,0.34291854764037655
0,0,0.370958187819773
0,0,0.37337133129607364
0,0,0.3710496088804957
0,0,0.3337928518372414
0,0,0.3261334242060708
0,0,0.2616863066406504
0,0,0.23418642898376188
0,0,0.17931148473426137
0,0,0.1968550496612916
0,0,0.15500142141118178
0,0,0.14671756627164054
0,0,0.20272005136795823
0,0,0.2429269466784631
0,0,0.28283433106592754
0,0,0.30680349214169705
0,0,0.33591849405163154
0,0,0.29463259714812207
0,0,0.29657286454973747
0,0,0.32362605858976695
0,0,0.35645619375348564
0,0,0.3314860447102746
0,0,0.29308655346321905
0,0,0.3183363506967265
0,0,0.30935223739668455
0,0,0.2656387854648775
0,0,0.3623624038019379
0,0,0.33508295291748724
0,0,0.4027700470152357
0,0,0.3278441370923352
0,0,0.4057783496517525
0,0,0.3839722867069752
0,0,0.27829245390330637
0,0,0.3063078241280877
0,0,0.3448114102794052
0,0,0.4293247831516077
0,0,0.3819717098515567
0,0,0.3388646530156848
0,0,0.29475055190866745
0,0,0.2723984562391928
0,0,0.3014936976372283
0,0,0.3451494675238504
0,0,0.28407706197551735
0,0,0.31616593339070026
0,0,0.2787651743641795
0,0,0.37689905858101147
0,0,0.4601284586157902
0,0,0.44038205450093926
0,0,0.4864195186682887
0,0,0.47647583867985527
0,0,0.39893070893592225
0,0,0.404091446128929
0,0,0.3732689983570704
0,0,0.3891766792523794
0,0,0.3958777167884454
0,0,0.33420422813782963
0,0,0.3017934299697127
0,0,0.29381277568090924
0,0,0.31257618207682736
0,0,0.28187242053640926
0,0,0.37045247412299825
0,0,0.4096771901429697
0,0,0.441668015277681
0,0,0.27480748810903133
0,0,0.2906151285831789
0,0,0.43626825053446366
0,0,0.384645024673898
0,0,0.4171179301463271
0,0,0.3303003139458273
0,0,0.32521232240363207
0,0,0.39615691812471504
0,0,0.33105665542563484
0,0,0.3419370487098755
0,0,0.3266837673312833
0,0,0.40093031663802847
0,0,0.31094430040598375
0,0,0.39795564940721995
0,0,0.3302491766197869
0,0,0.29557105261518724
0,0,0.32009965573900434
0,0,0.4121377450244165
0,0,0.40452989605340955
0,0,0.37938007809928515
0,0,0.34027314554341137
0,0,0.4099513828717418
0,0,0.3527827893194686
0,0,0.33715992433185926
0,0,0.39342375960618
0,0,0.49033461447999555
0,0,0.45424567839151475
0,0,0.42829887466546895
0,0,0.40566553033487734
0,0,0.3311832794631154
0,0,0.3076238310696582
0,0,0.3429756780367913
0,0,0.2889581872465915
0,0,0.2540571665610281
0,0,0.2268245340095103
0,0,0.1915107765308567
0,0,0.283507025519422
0,0,0.28172567476569665
0,0,0.31391723452806114
0,0,0.3533590304471257
0,0,0.2833904238486291
0,0,0.31979839098374113
0,0,0.42132696601028286
0,0,0.448238642098714
0,0,0.40616954316045145
0,0,0.38645367551776766
0,0,0.4758619967480469
0,0,0.4864373405446361
0,0,0.4496260406793824
0,0,0.44803787054217953
0,0,0.44484310415347045
0,0,0.47565406859781967
0,0,0.48076389524610985
0,0,0.4705739096397354
0,0,0.5132290149522403
0,0,0.5167176598036749
0,0,0.4670449868461075
0,0,0.5917321303269705
0,0,0.46614420266252715
0,0,0.4247218849940087
0,0,0.3690421712405805
0,0,0.3174588500630064
0,0,0.2631041899374558
0,0,0.2211408434445007
0,0,0.1896988992276595
0,0,0.321245139341284
0,0,0.24989820608125868
0,0,0.3179209695252434
0,0,0.4184789011994042
0,0,0.5101041944892627
0,0,0.4865452774010658
0,0,0.4005131589240174
0,0,0.39221571611928774
0,0,0.4601013004647758
0,0,0.40587455591316146
0,0,0.4349025162782829
0,0,0.4025674049371703
0,0,0.41160091493712364
0,0,0.3069297603281291
0,0,0.27435001725436114
0,0,0.30791627821698747
0,0,0.29414157321394624
0,0,0.32205063024291114
0,0,0.30875492777283337
0,0,0.32895018894474004
0,0,0.2889383670991286
0,0,0.31468795824588747
0,0,0.2650347961582833
0,0,0.28694836363849224
0,0,0.2603719210317991
0,0,0.2967680398110592
0,0,0.27688476002650275
0,0,0.2641684633058312
0,0,0.21446117581249136
0,0,0.3101537142505539
0,0,0.28656271288833035
0,0,0.30541207793406844
0,0,0.29473381305330965
0,0,0.27110533261123165
0,0,0.3398392936428177
0,0,0.26541705213809047
0,0,0.3241623648254162
0,0,0.2895798842972744
0,0,0.3404475183113916
0,0,0.2748985077378437
0,0,0.2387878344728316
0,0,0.2586263719873865
0,0,0.26856010349452186
0,0,0.29755363310667265
0,0,0.25238985067635067
0,0,0.2898636558039073
0,0,0.2788722648302092
0,0,0.2987866833978937
0,0,0.25240166841787914
0,0,0.2759692354152523
0,0,0.283265884101803
0,0,0.34826684624835025
0,0,0.3179184724044551
0,0,0.3482272967775145
0,0,0.2826083852488008
0,0,0.42137810881809573
0,0,0.30672787013797703
0,0,0.3543507674636946
0,0,0.3354233583247741
0,0,0.32289445177958304
0,0,0.25281152310790517
0,0,0.22894424372757152
0,0,0.25393470688422476
0,0,0.2221800333528988
0,0,0.25831376457401106
0,0,0.24950779383859276
0,0,0.27406573099511683
0,0,0.22087640520732127
0,0,0.25300842247703914
0,0,0.23398214043313711
0,0,0.2558862286799862
0,0,0.25289463338391815
0,0,0.28151952418474036
0,0,0.2597026292016109
0,0,0.2943853955035153
0,0,0.2739795491709306
0,0,0.29899781060337965
0,0,0.2510007006943179
0,0,0.28361340642830185
0,0,0.24181412230867513
0,0,0.25688225852530416
0,0,0.26891352776869204
0,0,0.28863692440285416
0,0,0.36904062296592394
0,0,0.48235402507383174
0,0,0.3318720216894314
0,0,0.35464961915582033
0,0,0.30136581723386985
0,0,0.30712000867604416
0,0,0.28929036502694216
0,0,0.344615192014038
0,0,0.3159375859466281
0,0,0.3177974167544185
0,0,0.2948648298710999
0,0,0.335842640550176
0,0,0.28677554573933495
0,0,0.35038421328359987
0,0,0.27098107172288155
0,0,0.24851603808982356
0,0,0.28228141564949616
0,0,0.2607272800434116
0,0,0.29007589119723826
0,0,0.2295741121154273
0,0,0.254193905409167
0,0,0.2119016176527282
0,0,0.27386795696122856
0,0,0.2548245623948768
0,0,0.25963116269556374
0,0,0.22877203395166323
0,0,0.29035271274144286
0,0,0.2818850503601095
0,0,0.26306460738741905
0,0,0.32050220005629126
0,0,0.2894837138240755
0,0,0.3501384027110605
0,0,0.3163896758754762
0,0,0.3631349835560147
0,0,0.2996613233100894
0,0,0.28821499645391535
0,0,0.30837582203057357
0,0,0.28041928304226826
0,0,0.3044805539896987
0,0,0.26069056013887965
0,0,0.28250709584596334
0,0,0.25943463036455433
0,0,0.27986837477580595
0,0,0.25060795339334885
0,0,0.2747535581671796
0,0,0.26570475423732126
0,0,0.3079113590418608
0,0,0.26363940792813745
0,0,0.2876810682691332
0,0,0.25456895675015273
0,0,0.27856579336896753
0,0,0.2588346272948752
0,0,0.33347690999931795
0,0,0.33342689590197655
0,0,0.37174604201701883
0,0,0.3938380510249757
0,0,0.3377830545017002
0,0,0.2493611008166747
0,0,0.2309185815643045
0,0,0.19802839317554602
1,0,0.13349400838169553
1,0,0.14310967247871573
1,0,0.10777712231377455
1,0,0.13801888648865368
1,0,0.19070055172640657
1,0,0.3401017223229812
1,0,0.4945223058502678
1,0,0.5862397771110135
1,1,0.6820395652004257
1,1,0.7660599126633141
1,1,0.8571654983673559
1,1,0.8853294619028284
1,1,0.8754591179008453
1,1,0.8655697761602352
1,1,0.7747759409617497
1,1,0.6900522607849214
1,0,0.6062677331250328
1,0,0.4968724365293713
1,0,0.3242425705032756
0,0,0.09624793543111898
0,0,0.07272715980189651
0,0,0.07842436257939922
0,0,0.08196305268001261
0,0,0.09697180380686644
0,0,0.11755777176836339
0,0,0.16254462001841244
0,0,0.20567915872976822
0,0,0.2181656541858833
0,0,0.23044227939675693
0,0,0.2550536179991279
0,0,0.30809484825206296
0,0,0.3236480738439406
0,0,0.3579168082879213
0,0,0.3557687014813507
0,0,0.32189609680846965
0,0,0.31175594784048094
0,0,0.16988948229500983
0,0,0.27065978808130403
0,0,0.2243763199376679
0,0,0.2772056801619319
0,0,0.2704490814741505
0,0,0.392205112893858
0,0,0.3767409480844797
0,0,0.31168369899111276
0,0,0.3543495300298664
0,0,0.3028452641939802
0,0,0.4151755820768607
0,0,0.2934471543488363
0,0,0.3417577686471234
0,0,0.3251695253996392
0,0,0.32513293888840905
0,0,0.2696376628131159
0,0,0.27369459255543255
0,0,0.3461659498375107
0,0,0.324679551845552
0,0,0.307724318614007
0,0,0.2680848176453035
0,0,0.3601385875356569
0,0,0.30345915004185214
0,0,0.39516135398499236
0,0,0.3489512098903199
0,0,0.41313549442533404
0,0,0.32199413463941085
0,0,0.2951380833994183
0,0,0.465097150833721
0,0,0.4843586316849494
0,0,0.47045893400421335
0,0,0.4233107219458475
0,0,0.47628317651438073
0,0,0.5098695266109936
0,0,0.4826975783501969
0,0,0.42631054096362125
0,0,0.35463253090377944
0,0,0.49623716519232003
0,0,0.36321465100311007
0,0,0.3224134698762895
0,0,0.35157164930147583
0,0,0.37756969148084824
0,0,0.29682500783999766
0,0,0.21789011107694436
0,0,0.24880158523935642
0,0,0.21042534839387705
0,0,0.224142176931594
0,0,0.3190913819142892
0,0,0.3900735053034939
0,0,0.39822667092852837
0,0,0.369272586435232
0,0,0.36003027126716675
0,0,0.25450949820873914
0,0,0.25546459657289106
0,0,0.15819958659695882
0,0,0.23762632728318814
0,0,0.2701333371173252
0,0,0.3079548829143396
0,0,0.2964114833983631
0,0,0.3606432329700177
0,0,0.28960010039456585
0,0,0.24924210677994563
0,0,0.3409437163812161
0,0,0.33627339811882473
0,0,0.32430190477646526
0,0,0.32393799098266685
0,0,0.3825270415104092
0,0,0.2735278248161539
0,0,0.3988085030234972
0,0,0.4336350258440789
0,0,0.3749878249878341
0,0,0.3185113201721638
0,0,0.2648192904691973
0,0,0.4663543036206635
0,0,0.5425278686499941
0,0,0.49527956960280356
0,0,0.4461890058552027
0,0,0.4512392839265331
0,0,0.39204027979149325
1,1,3.4399653078282704
1,1,10.322475443068194
1,1,10.021423840245737
1,1,10.082362929655286
1,1,10.219850199451153
1,1,10.324919063542882
1,1,10.436515648531138
1,1,10.508660409095706
1,1,10.446976556525842
1,1,10.444868202979938
1,1,7.764841099123875
0,0,0.4508415457224116
0,0,0.4985772800725574
0,0,0.43555944845241884
0,0,0.4249723569626936
0,0,0.4123742392854853
0,0,0.32374070698557095
0,0,0.2817341681905174
0,0,0.2713475754998528
0,0,0.30334522175628564
0,0,0.3206699731423259
0,0,0.30077491958706765
0,0,0.4024805655424388
0,0,0.4273388136207687
0,0,0.34460451387618146
0,0,0.2743785313246639
0,0,0.41866877950125186
0,0,0.44203673628415846
0,0,0.2966522439583498
0,0,0.3282630330676709
0,0,0.3374874509231153
0,0,0.3404060609898124
0,0,0.3287164221185595
0,0,0.3300815813500553
0,0,0.30468300908584567
0,0,0.35588701966283137
0,0,0.3506509598311416
0,0,0.3049356729132298
0,0,0.3848734792655094
0,1,0.6916424102786065
0,0,0.5313298907415271
0,0,0.40145546759305745
0,0,0.511377230783179
0,0,0.4822597506529109
0,0,0.3885820615941607
0,0,0.47823413026172057
0,0,0.3751279785383781
0,0,0.37875669490612085
0,0,0.3464424284679128
0,0,0.3023674476114196
0,0,0.36243053701217604
0,0,0.35988548205853155
0,0,0.33971396633899037
0,0,0.4030423757068385
0,0,0.3031290622295276
0,0,0.468444023086088
0,0,0.3933904625914929
0,0,0.4400888226725238
0,0,0.5363455518551441
0,0,0.3891611827259526
0,0,0.35781261310783524
0,0,0.29429822595440014
0,0,0.2937639945710056
0,0,0.2875937009931824
0,0,0.3578941251904254
0,0,0.32032074641486574
0,0,0.3400629984500497
0,0,0.28492681378195456
0,0,0.34410820646260987
0,0,0.2596788435528013
0,0,0.3215638683589636
0,0,0.2834466346631768
0,0,0.3183199596361973
0,0,0.25703545499924146
0,0,0.21632786010950555
0,0,0.2386162469347425
0,0,0.23287626288959795
0,0,0.2621442438782622
0,0,0.2433725055770585
0,0,0.3060707282316974
0,0,0.30457495601283063
0,0,0.3010811568005168
0,0,0.24637123437869934
0,0,0.33654735425285365
0,0,0.26896533285524854
0,0,0.38854106957222406
0,0,0.39462544696851837
0,0,0.4564363958467866
0,0,0.38655090869762815
0,0,0.34541379917891785
0,0,0.32167569138810703
0,0,0.22487633915189062
0,0,0.2494222824303304
0,0,0.21668813475539236
0,0,0.2217686135963637
0,0,0.2521851085778722
0,0,0.22643110301256827
0,0,0.3241563422948951
0,0,0.24546783822757043
0,0,0.21718877429071815
0,0,0.24905238154510653
0,0,0.2153542419722673
0,0,0.24445247426432742
0,0,0.2777348048912105
0,0,0.3181224016789115
0,0,0.3006797142240594
0,0,0.3016995337515999
0,0,0.26275792837791934
0,0,0.3500691354408268
0,0,0.26805095362298825
0,0,0.3250319843225897
0,0,0.28438107195156465
0,0,0.3455216930098821
0,0,0.300756529159457
0,0,0.278449227749346
0,0,0.25726133961539904
0,0,0.20971135729055598
0,0,0.3042936610496908
0,0,0.22886288381038955
0,0,0.30380465382690097
0,0,0.2640395138456476
0,0,0.3383408546934123
0,0,0.2571266679492203
0,0,0.2976040323537002
0,0,0.33171430317426537
0,0,0.30802913062190285
0,0,0.3083223172523757
0,0,0.26805886077176255
0,0,0.3802844101374457
0,0,0.3168841885896767
0,0,0.3694298629177841
0,0,0.4041969429968947
0,0,0.34791606294321226
0,0,0.3122506717653109
0,0,0.2317914688116404
0,0,0.2410094654202696
0,0,0.19031053660781533
0,0,0.22340990624660995
0,0,0.33856952674059265
0,0,0.3028502907648152
0,0,0.29975011685889186
0,0,0.33459143883591624
0,0,0.34411456821144554
0,0,0.3250876047323432
0,0,0.3089460725719423
0,0,0.23454810742082946
0,0,0.2775257513070649
0,0,0.29270213079657503
0,0,0.26280343795235594
0,0,0.24995933711306556
0,0,0.27044161456219457
0,0,0.25718319709574383
0,0,0.3156184297376508
0,0,0.2822657516836618
0,0,0.33943261549522924
0,0,0.2680385682485067
0,0,0.23735377726261722
0,0,0.25682013123874076
0,0,0.25234652995938106
0,0,0.32217644354136715
0,0,0.3161319632257765
0,0,0.34745293261247534
0,0,0.2998308911389332
0,0,0.3544763431508528
0,0,0.24628063887818388
0,0,0.3398050927925757
0,0,0.3406459078076596
0,0,0.30551458899131756
0,0,0.28824213814231286
0,0,0.3987175624389848
0,0,0.4262191203504385
0,0,0.46290677653931533
0,0,0.3973953319717021
0,0,0.3890862338284343
0,0,0.3498744749639394
0,0,0.31020121555252594
0,0,0.29809110291271573
0,0,0.2410948708934756
0,0,0.2466892276246332
0,0,0.21281918367215005
0,0,0.21833648857168608
0,0,0.2631283730546332
0,0,0.27728532610879447
0,0,0.3241708887181882
0,0,0.45481525989715754
0,0,0.5167419659643134
0,0,0.425434873249198
0,0,0.37455149794789305
0,0,0.3713898515586399
0,0,0.21472551718832059
0,0,0.23993598715468195
0,0,0.22908523398827707
0,0,0.1443914286040648
0,0,0.07408681605627193
0,0,0.07477398779581912
0,0,0.08786358039829784
0,0,0.09013834276106511
0,0,0.12207676050771969
0,0,0.12545860896163777
0,0,0.10251470808179615
0,0,0.11766459118790995
0,0,0.1551163966215372
0,0,0.16683313837338742
0,0,0.13302778427284764
0,0,0.10083030565408055
0,0,0.11929912919874283
0,0,0.1421734394636277
0,0,0.1308654690079175
0,0,0.20994094902148985
0,0,0.20958518923370606
0,0,0.23108139955891788
0,0,0.23286221217871672
0,0,0.290973025223761
0,0,0.3805233486578467
0,0,0.387263329519346
0,0,0.3727132390441808
0,0,0.41808605190316334
0,0,0.37249794175660667
0,0,0.41615481913073205
0,0,0.4457819646788804
0,0,0.3779150226334472
0,0,0.35986223553732605
0,0,0.23397262178435616
0,0,0.23845780751508847
0,0,0.1976478043391526
0,0,0.2799968666878679
0,0,0.3251693073537375
0,0,0.354511625167313
0,0,0.2940673982368784
0,0,0.31946702367875
0,0,0.4314048359857052
0,0,0.3961290443628778
0,0,0.4140568315723813
0,0,0.36552205743830607
0,0,0.3011064779565963
0,0,0.28286723339129605
0,0,0.255241536047038
0,0,0.21496891148946448
0,0,0.18189885167162903
0,0,0.15068827085468076
0,0,0.15845650844483755
0,0,0.211822313315976
0,0,0.21749373792313534
0,0,0.16983326034658383
0,0,0.12656355260000082
0,0,0.11937553178877859
0,0,0.12785578882171386
0,0,0.11766591635289511
0,0,0.12055781518350042
0,0,0.10967954880144047
0,0,0.12351780966593368
0,0,0.10840527031282182
0,0,0.24571708829737163
0,0,0.18308645458025122
0,0,0.30527622030483337
0,0,0.3229209448324134
0,0,0.3674060938482146
0,0,0.33365639063713487
0,0,0.44633150054406007
0,0,0.3407366179232592
0,0,0.27989038011254613
0,0,0.3505849349439445
0,0,0.2858712376491124
0,0,0.33214349040488295
0,0,0.349024419059575
0,0,0.35719070680236353
0,0,0.33933439422304146
0,0,0.3255662635022835
0,0,0.32394269611084064
0,0,0.2635563061425092
0,0,0.360233363236748
0,0,0.3169348137230405
0,0,0.30004136899758654
0,0,0.3281911399419127
0,0,0.3860034180220059
0,0,0.44603837720606987
0,0,0.4058686063533156
0,0,0.3381107536654906
0,0,0.2664211655917271
0,0,0.25242271180846576
0,0,0.24060186368151149
0,0,0.18076785476276944
0,0,0.14004108207895968
0,0,0.14757455752612286
0,0,0.3339179100880633
0,0,0.41049873396903536
0,0,0.42474963013338546
0,0,0.563802516527349
0,1,0.9858976094950461
0,1,1.2199951620278122
0,1,1.2168115272487159
0,1,1.3418524205684503
0,1,1.3256826623331968
0,1,1.3457955679000757
0,1,1.1766564872010243
0,1,1.0849106547320897
0,1,1.2323617463389065
0,1,1.2171731483954484
0,0,0.5041696199029764
0,0,0.5574391539385629
0,0,0.5509621470059938
0,0,0.45835271905399905
0,0,0.36144024916048584
0,0,0.3556788409339201
0,0,0.32038342142963616
0,0,0.3281953602561474
0,0,0.22654905835258193
0,0,0.20997515392669558
0,0,0.12118138763348976
0,0,0.15004499781751524
0,0,0.1424402554790227
0,0,0.1581398278021447
1,0,0.5874920874212384
1,1,0.6803270265026864
1,1,0.706842958544975
1,1,0.8056943800007833
1,1,1.0446720520685442
1,1,1.4802629461615453
1,1,2.1247445570184356
1,1,2.885025616471658
1,1,3.7655201663274545
1,1,4.920066611917908
1,1,4.545022483015762
1,1,4.171466175394878
1,1,3.7687620383257063
1,1,5.689197820427508
1,1,4.990404140781398
1,1,3.7613859269547567
1,1,3.345133382149781
1,1,4.3201566276325725
1,1,4.02912533990208
1,1,3.3663157254185454
1,1,3.0095252815674556
1,1,2.284932393438781
1,1,1.8237001337543648
1,1,2.1440984048033243
1,1,2.541604034404675
1,1,2.97110033381498
1,1,4.171977649812147
1,1,3.565990965944103
1,1,3.5278272794345673
1,1,3.122506524273015
1,1,2.747587070868986
1,1,2.4764550476414553
1,1,2.3682000803758725
1,1,2.0244178037222627
1,1,2.1079074723359157
1,1,2.200842320725684
1,1,1.2689988566493193
0,0,0.3679161129217953
0,0,0.32936330151339016
0,0,0.457680410130589
0,0,0.5619601067436774
0,0,0.4671814385819785
0,0,0.6412547534163331
0,0,0.645364009485151
0,0,0.6424865234995359
0,0,0.6138820651499816
0,1,0.7699502114363465
0,1,0.7713338235821458
0,1,0.8709904736395446
0,1,0.85915228732299
0,1,0.917479933895781
0,1,0.9325048213504894
0,1,1.0880409423984307
0,1,1.043579874525023
0,1,1.0867512013214358
0,1,1.019132494083649
1,1,2.333121816501022
1,1,3.038808552010327
1,1,3.326633046670762
1,1,3.7186682847409736
1,1,4.600383331147998
1,1,4.230555148865379
1,1,4.046174043705132
1,1,3.9053506945133116
1,1,4.0217946915901255
1,1,4.495123439011285
1,1,3.7284843360255193
1,1,2.9159891315255133
1,1,2.0111619801614964
0,0,0.4147818863475606
0,0,0.46649314801524167
0,0,0.42745338147724077
0,0,0.48388696087333677
0,0,0.5334116870154483
0,0,0.6620313263861206
0,0,0.5413613858047525
0,0,0.5756064738246294
0,0,0.4586076203063837
0,0,0.46146252711786084
0,0,0.6089702685618561
0,1,0.6752722787412787
0,1,0.8006146352401158
0,1,0.7398817280973529
0,0,0.4383042865244328
0,0,0.4758924105124492
0,0,0.3805038118319265
0,0,0.41702480959409777
0,0,0.43242558623625893
0,0,0.5048582810440598
0,0,0.5584395384081822
0,0,0.5579963877204229
0,0,0.5950484423644883
0,0,0.6551449214218026
0,0,0.5268515938330705
0,0,0.5033351341167228
0,0,0.5886637708450034
0,0,0.5930798542668084
0,0,0.5865679852233251
0,0,0.5825851455920681
0,0,0.46428702581264075
0,0,0.470141063411947
0,0,0.43420502152506407
0,0,0.4160931961004189
0,0,0.5087165091048891
0,0,0.3631796770953916
0,0,0.33525687555716144
0,0,0.38621737499877207
0,0,0.432443233559776
0,0,0.5142119483783549
0,1,0.685333346171042
0,1,0.7475632633978594
0,1,0.9318489517207463
0,1,0.9904175144932006
0,1,0.8676050987265488
0,1,0.7957772141927385
0,1,0.7755487090323582
0,1,0.7853413806085264
0,1,0.7550011193235262
0,0,0.4870422925809302
0,0,0.5424544013978427
0,0,0.5412009300579133
0,0,0.19552904290166562
0,0,0.23006439095818346
0,0,0.26310465769137825
0,0,0.254420307018713
0,0,0.24721435142111323
0,0,0.285527262563472
0,0,0.29960068915131777
0,0,0.32418264151126114
0,0,0.32545833507644123
0,0,0.2428842900463688
0,0,0.23309906404295522
0,0,0.15971663121970872
0,0,0.20139448208470684
0,0,0.2082426407583593
0,0,0.14835140257743398
0,0,0.19353490247104826
0,0,0.19066949148791967
0,0,0.22716930161081275
0,0,0.32672904497305816
0,0,0.39189144448184754
0,0,0.45626657996945863
0,0,0.387374856712662
0,0,0.3861237675330362
0,0,0.4060948039341459
0,0,0.36048640606848004
0,0,0.27673942911593763
0,0,0.2643843424665511
0,0,0.19593381793455428
0,0,0.2240781574521128
0,0,0.2215620291943463
0,0,0.2570705045504497
0,0,0.31139547447844435
0,0,0.3144656105585618
0,0,0.34575883199130675
0,0,0.3511226088392762
0,0,0.34545099360794185
0,0,0.33119278715640127
0,0,0.3803394528561658
0,0,0.37190978450828477
0,0,0.451336537453452
0,0,0.45661104251604145
0,0,0.44021303942841106
0,0,0.49084671931230284
0,0,0.4977129577373434
0,0,0.48178823811373633
0,0,0.44469744041993065
0,0,0.35984736064630746
0,0,0.33468028543788547
0,0,0.30755311002803193
0,0,0.21731474953242907
0,0,0.2240514602972858
0,0,0.2699211545652642
0,0,0.3109458597541852
0,0,0.253749374788293
0,0,0.2619280196678533
0,0,0.2793088323523706
0,0,0.516430213601536
0,0,0.5116984648355255
0,0,0.547659494650304
0,0,0.5480442662879718
0,0,0.4798526929666585
0,0,0.442870517558506
0,0,0.37439469726244035
0,0,0.32138758255636823
0,0,0.2957562892250948
0,0,0.28496869505966566
0,0,0.2076127063828113
0,0,0.20305696179992916
0,0,0.23565848549861898
0,0,0.22195386479767137
0,0,0.20737822321029747
0,0,0.22055506863775995
0,0,0.26732447159707573
0,0,0.26226337925473514
0,0,0.2610262389140095
0,0,0.240905917208604
0,0,0.1382658175458273
0,0,0.14089667677503517
0,0,0.1423387319875009
0,0,0.1784404643958557
0,0,0.20350766720349744
0,0,0.2608757750002896
0,0,0.2761802488855365
0,0,0.28624014616233323
0,0,0.28734920962750216
0,0,0.26967807550106226
0,0,0.22998561461562222
0,0,0.25828275458292077
0,0,0.2860438321605251
0,0,0.31853835309686035
0,0,0.28762046072022945
0,0,0.28737495980057476
0,0,0.33099109524430476
0,0,0.38288122602324404
0,0,0.29506888664856074
0,0,0.4124510695039541
0,0,0.3410211610855906
0,0,0.352720044440198
0,0,0.340041775705014
0,0,0.2971586711724715
0,0,0.20518181617561396
0,0,0.23839488204940337
0,0,0.2774581371864991
0,0,0.2971460603565646
0,0,0.27837397596776836
0,0,0.2748294724772004
0,0,0.37770832356898504
0,0,0.4791250076845207
0,0,0.5356459977006133
0,0,0.5786081063908556
0,0,0.46567964827024244
0,0,0.42343156620382355
0,0,0.43074030648336226
0,0,0.3982381203197436
0,0,0.43598586136321554
0,0,0.47821078852980414
0,0,0.40154951951420137
0,0,0.2868318786987262
0,0,0.3729335150300764
0,0,0.365290614782753
0,0,0.3121846549504917
0,0,0.32821383621643646
0,0,0.4151337168765628
0,0,0.4187247624358516
0,0,0.3239162573207896
0,0,0.2774359774688277
0,0,0.2816969052021153
0,0,0.19868428009889408
0,0,0.17489563609470044
0,0,0.07225261802871404
0,0,0.1787686148343848
0,0,0.19127599500104242
0,0,0.3563591113336064
0,0,0.3685324502993632
0,0,0.4799481744147625
0,0,0.4163774471809058
0,0,0.34431599792401113
0,0,0.3845415322240118
0,0,0.47169033716249026
0,0,0.5184846774182111
0,0,0.5100174283716054
0,0,0.4055414809089333
0,0,0.39215902239909695
0,0,0.29466744675573564
0,0,0.2697698352605089
0,0,0.12882954637704738
0,0,0.09049148211988849
0,0,0.0189420000919905
0,0,0.0195137424049016
0,0,0.059071926998982095
0,0,0.10586090983434661
0,0,0.2123508977995967
0,0,0.23288571396667795
0,0,0.2395958229713498
0,0,0.27159240093775333
0,0,0.2579519625366872
0,0,0.3802033157022846
0,0,0.4193844698479447
0,0,0.3958002023032745
0,0,0.3525877454948732
0,0,0.2853753604406951
0,0,0.21771320550063333
0,0,0.2018093871836858
0,0,0.21506605122953693
0,0,0.12873314466572633
0,0,0.15768010509770855
0,0,0.2217219022678958
0,0,0.32091279718962723
0,0,0.3318273071218725
0,0,0.32380960770149364
0,0,0.362100644867847
0,0,0.4521112938117431
0,0,0.398792156617758
0,0,0.31681495395744275
0,0,0.33548052410331003
0,0,0.38969504829589036
0,0,0.361793602845457
0,0,0.35325534461996244
0,0,0.2898831684439695
0,0,0.3258781720062304
0,0,0.35750448079488695
0,0,0.27714663134515183
0,0,0.4149411407205716
0,0,0.3973861479922731
0,0,0.47860240472188686
0,0,0.46765184913242125
0,0,0.4290132975849544
0,0,0.30630611701060717
0,0,0.2123731342917785
0,0,0.18694989883396598
0,0,0.1499215679214903
0,0,0.10308816749430989
0,0,0.06796094718507396
0,0,0.013269944817364581
0,0,0.013236232972025513
0,0,0.06475346967891488
0,0,0.14674525270960895
0,0,0.23690170543024547
0,0,0.22641321442288787
0,0,0.24909331757459482
0,0,0.372224128484222
0,0,0.3810340254904105
0,0,0.3406695024593803
0,0,0.43144209849260373
0,0,0.34939811531497855
0,0,0.3379335325238138
0,0,0.32636943435018356
0,0,0.3956774730308651
0,0,0.4108196547458985
0,0,0.33845873353216066
0,0,0.3415883104554327
0,0,0.2771561164200024
0,0,0.2543262908297452
0,0,0.2766061197277486
0,0,0.31696595239920683
0,0,0.27145303070066007
0,0,0.3303371165635871
0,0,0.39860698705265946
0,0,0.5744783142451507
0,0,0.44921670167252836
0,0,0.44655631372964594
0,0,0.408521163782789
0,0,0.42192610264747565
0,0,0.4589590869860134
0,0,0.5577477303573299
0,0,0.41644322311618476
0,0,0.44538858424117567
0,0,0.3565418316052239
0,0,0.31662478366719216
0,0,0.37084667390789516
0,0,0.3439015866064247
0,0,0.2860748909657972
0,0,0.40492897055112537
0,0,0.4614304409237706
0,0,0.390009034975337
0,0,0.4570695517484755
0,0,0.43709856529101754
0,0,0.4058517544607379
0,0,0.4669999727780482
0,0,0.4069932678710684
0,0,0.3732229987928634
0,0,0.3090696073715244
0,0,0.3077444625836263
0,0,0.2696900622893344
0,0,0.12187939130864324
0,0,0.10563556785603181
0,0,0.09074391964307203
0,0,0.014556609801925888
0,0,0.014879441803126047
0,0,0.10042585684178074
0,0,0.12053567776853415
0,0,0.1768924323149599
0,0,0.20581111618323844
0,0,0.23171905401248882
0,0,0.32430109254110745
0,0,0.341822301717234
0,0,0.3557443060282485
0,0,0.3090586059501895
0,0,0.20215786818891282
0,0,0.16872253148909785
0,0,0.13780304838802035
0,0,0.10796881249967638
0,0,0.08620819340116266
0,0,0.013351341810689763
0,0,0.013174345060373259
0,0,0.012808392783421559
0,0,0.012744892910924706
0,0,0.012634098362480245
0,0,0.012376125095901677
0,0,0.012412687272881836
0,0,0.012363011862351234
0,0,0.012182137328385448
0,0,0.012285860488588679
0,0,0.012310014399066645
0,0,0.012199585734153593
0,0,0.012371321630522944
0,0,0.012482751700952206
0,0,0.012436890672980342
0,0,0.012671773397626776
0,0,0.012838307040396763
0,0,0.012852591943820787
0,0,0.01315056528552665
0,0,0.013370186272779628
0,0,0.01343710154866369
0,0,0.013786184689087972
0,0,0.014050190193241838
0,0,0.014163420640083238
0,0,0.06813839401161027
0,0,0.08625717637074172
0,0,0.14440923885650583
0,0,0.34253644778378667
0,0,0.2966093007728998
0,0,0.332699461415982
0,0,0.3527357421267963
0,0,0.3340454179700952
0,0,0.2872072378744359
0,0,0.20034967781810362
0,0,0.18811851772637414
0,0,0.1534502622632637
0,0,0.013092206828565038
0,0,0.013046185284458986
0,0,0.158000755493852
0,0,0.2303843236724738
0,0,0.2390694245074651
0,0,0.2805638744196472
0,0,0.30892813038197003
0,0,0.30122016121844136
0,0,0.36173462415281893
0,0,0.5235107557296133
0,0,0.4578690185934556
0,0,0.29469000537453227
0,0,0.5326230043884237
0,1,0.6908327962137906
0,0,0.6556511336087638
0,1,0.7260970395374736
0,1,0.6871989787591397
0,1,0.7178534873014135
0,1,1.3230368031467437
0,1,1.3973389133708367
0,1,1.362966496244958
0,1,1.4046528249301782
0,1,1.041655013480963
0,1,1.0406380264572532
0,1,1.0456438878951226
0,1,0.9782922714736559
0,1,1.0235738125670362
0,1,1.0050876344640751
0,0,0.11972365425698252
0,0,0.1077350459435465
0,0,0.07825460232216068
0,0,0.12143675733925782
0,0,0.22834286541546928
0,0,0.24583504472698406
0,0,0.19817334084796764
0,0,0.2058608715452466
0,0,0.2135270321248923
0,0,0.21828466527579052
0,0,0.211185750986134
0,0,0.2417624838096425
0,0,0.24127747190218374
0,0,0.1614202630455052
0,0,0.1535694896079311
0,0,0.18684840914913206
0,0,0.20340741599210363
0,0,0.22419135869828627
0,0,0.26617690600272903
0,0,0.3802689106451314
0,0,0.3379393185745674
0,0,0.3499953871037331
0,0,0.3414547304925977
0,0,0.32082974151176546
0,0,0.26509994574229967
0,0,0.20297980174539165
0,0,0.15292902297358785
0,0,0.12370653701678265
0,0,0.10230416109423199
0,0,0.05175596096483905
0,0,0.012752553092427276
0,0,0.012505183252606574
0,0,0.08871724402121293
0,0,0.13013306647289577
0,0,0.13309100085252887
0,0,0.1924174524147317
0,0,0.21526413497208208
0,0,0.23587136480550167
0,0,0.26196017290238155
0,0,0.30780969937243635
0,0,0.2760681268430085
0,0,0.21558763207121312
0,0,0.22111191868843755
0,0,0.2094923300847644
0,0,0.20209497866293852
0,0,0.21710307304453286
0,0,0.27534155276165473
0,0,0.38687481990736516
0,0,0.3794734701920215
0,0,0.351902274098537
0,0,0.31719004545028356
0,0,0.27858080342702124
0,0,0.24404348969352735
0,0,0.19348328738797183
0,0,0.12294815504605042
0,0,0.08884081671316044
0,0,0.014195753491001623
0,0,0.014243264540083346
0,0,0.058152620584407066
0,0,0.057635218548964695
0,0,0.10136934023853415
0,0,0.2181894278090084
0,0,0.28700254796475827
0,0,0.3746586498289182
0,0,0.39554517531937833
0,0,0.4377677107606471
0,0,0.44552284529281533
0,0,0.5542294470565149
0,0,0.6418210657641223
0,0,0.6328115123362767
0,0,0.573663956580324
0,0,0.6280433170894193
0,0,0.5986679696433372
0,0,0.5756327651810689
0,0,0.5042873056562068
0,0,0.512463432353457
0,0,0.3758985232816905
0,0,0.2919503300607492
0,0,0.21869737150659152
0,0,0.16289362090148676
0,0,0.12731882930952526
0,0,0.10753710882277309
0,0,0.33377740834225
0,0,0.31628626861499665
0,0,0.3454090852796668
0,0,0.38192646776246436
0,0,0.3796516239488487
0,0,0.36991715408487946
0,0,0.5073837427983187
0,0,0.4769762911636223
0,0,0.3120478538320332
0,0,0.3030675300271361
0,0,0.35349864864823566
0,0,0.34054467716130077
0,0,0.2965641004983223
0,0,0.25263502753750766
0,0,0.299524102875328
0,0,0.36139232418311795
0,0,0.37685304159227695
0,0,0.3119214928130455
0,0,0.307449943928247
0,0,0.3148277665339682
0,0,0.2809591263489363
0,0,0.202801293621635
0,0,0.15646336991209242
0,0,0.12697608285760445
0,0,0.15496020660611523
0,0,0.1743892787807687
0,0,0.17642344786087796
0,0,0.23003568020196313
0,0,0.25781787428090025
0,0,0.34093612725871103
0,0,0.29775473735366376
0,0,0.26763765354576363
0,0,0.3284815476051539
0,0,0.3058145821000841
0,0,0.3010531537235381
0,0,0.20285532790209032
0,0,0.20644468572506944
0,0,0.1799434067423055
0,0,0.09834588536025653
0,0,0.05484620376403219
0,0,0.08129189234383631
0,0,0.0725038099741284
0,0,0.07466047056633465
0,0,0.11165921539338382
0,0,0.15836339064587526
0,0,0.17832728277942664
0,0,0.19025890544567312
0,0,0.21259334696199866
0,0,0.3021481163354522
0,0,0.2753546884017929
0,0,0.3205788324249552
0,0,0.281159011751371
0,0,0.5562644104601383
0,0,0.37432203067773795
0,0,0.40735067721249857
0,0,0.38612567127809144
0,0,0.3993594235518269
0,0,0.5033876462568935
0,0,0.5068284883253104
0,0,0.5054261319165418
0,0,0.4409803604582776
0,0,0.29677362576065824
0,0,0.2750017697432687
0,0,0.21899973133453587
0,0,0.15374359176385285
0,0,0.020219823829463492
0,0,0.02015690370555705
0,0,0.020267251250081237
0,0,0.020319527107961165
0,0,0.02052871075686946
0,0,0.020674233810017994
0,0,0.020907413513348697
0,0,0.02114270966084524
0,0,0.021446031958314408
0,0,0.021761705089956472
0,0,0.022137753052039084
0,0,0.09993669326170145
0,0,0.10931808889712856
0,0,0.14919927461061916
0,0,0.23789756078689273
0,0,0.22450877765682464
0,0,0.24615702831755612
0,0,0.26332311995293156
0,0,0.33378542016757273
0,0,0.37980457653156147
0,0,0.36077815729424934
0,0,0.3517776356047007
0,0,0.2679369204716091
0,0,0.2742561998849474
0,0,0.3192312580636931
0,0,0.3200116237153046
0,0,0.24818870022506978
0,0,0.19805508880519043
0,0,0.22527736203787477
0,0,0.18269392652838348
0,0,0.15371872929323593
0,0,0.2420542503116606
0,0,0.37738892729111145
0,0,0.3961980991035204
0,0,0.381387302644483
0,0,0.37250771541840916
0,0,0.2890266200200231
0,0,0.3865227781288712
0,0,0.3328237246906648
0,0,0.42426070940407873
0,0,0.37733189086960356
0,0,0.4970208705485947
0,0,0.3668352330733695
0,0,0.3465847715025995
0,0,0.3236416770731653
0,0,0.27170004194235664
0,0,0.39323113365733703
0,0,0.29088516367163414
0,0,0.43101151258457293
0,0,0.41516079670369804
0,0,0.3007619084673334
0,0,0.2555664752829669
0,0,0.256981189676326
0,0,0.34524695952615847
0,0,0.43631132546184226
0,0,0.3627314856100889
0,0,0.43117487438330543
0,0,0.5470058687094604
0,0,0.4508933382751415
0,0,0.4230152809328586
0,0,0.3555163894047597
0,0,0.3664200831681241
0,0,0.43362836592396575
0,0,0.42001996475992354
0,0,0.3545953735290337
0,0,0.35647567423047344
0,0,0.2907562995835133
0,0,0.2467490903140746
0,0,0.2475482485003123
0,0,0.2478273352609597
0,0,0.25051111054396547
0,0,0.28660097882061525
0,0,0.26971311722480656
0,0,0.2689167385683083
0,0,0.3109917776721137
0,0,0.3196688045860576
0,0,0.326702763860786
0,0,0.3578461837893743
0,0,0.35732232746895765
0,0,0.43403246001982904
0,0,0.4379148620806689
0,0,0.47569574529192044
0,0,0.4414798043228782
0,0,0.36612301430289207
0,0,0.37619464112800927
0,0,0.39141054972364253
0,0,0.34269930313363023
0,0,0.3271027864746518
0,0,0.25323686689780867
0,0,0.15138033556557642
0,0,0.13836136543348396
0,0,0.21738511999644672
0,0,0.2798045993835773
0,0,0.307474228106505
0,0,0.3052458490440458
0,0,0.3542601403949593
0,0,0.3043911820844943
0,0,0.2485715714545854
0,0,0.23976889127809886
0,0,0.25109841535550664
0,0,0.3727117893164567
0,0,0.40001384145238944
0,0,0.3808536992271976
0,0,0.36591203481667023
0,0,0.3809855444735351
0,0,0.35648082672485165
0,0,0.33150530676596934
0,0,0.2910733010453132
0,0,0.30804693934146515
0,0,0.3197105413447328
0,0,0.28466618677610267
0,0,0.30586794518366955
0,0,0.29630119828107737
0,0,0.42361111735140977
0,0,0.4843835296078407
0,0,0.6393090184567224
0,0,0.6490766370122129
0,0,0.6557328145028645
0,1,0.742870593733003
0,1,0.7617746335661914
0,1,0.7708986085536584
0,1,0.7666926834516108
0,1,0.8112622286983494
0,1,0.6671387836531745
0,0,0.6120655696373157
0,0,0.5698249191896331
0,0,0.5387985685261413
0,0,0.5892037638017332
0,0,0.48214277559177227
0,0,0.5249814990891939
0,0,0.45006275862264444
0,0,0.45752403748680726
0,0,0.5725612163247055
0,0,0.6055477978399946
0,0,0.5449639442721262
0,0,0.622904955867979
0,0,0.6112334004786266
0,0,0.6258117528882796
0,0,0.5091089096832965
0,0,0.5208281712773162
0,0,0.506204534615579
0,0,0.5136703480136617
0,0,0.40164288684720645
0,0,0.4172492409388561
0,0,0.48333247611610436
0,0,0.4412903369215589
0,0,0.4325631390573441
0,0,0.5403124405974401
0,0,0.5886262716577689
0,0,0.5393632220865023
0,0,0.5273277876656997
0,0,0.5974208749701725
0,0,0.6179341471555901
0,0,0.5425659044131818
0,0,0.6404707584263207
0,0,0.6186260917789556
0,0,0.6304049957804125
0,0,0.6170073867443596
0,0,0.5847115433864489
0,0,0.6043103924461052
0,0,0.6402283875062806
0,0,0.5523939055532711
0,0,0.5655609517910851
0,0,0.5856848691146718
0,0,0.4601374937667156
0,0,0.5937399529583052
0,0,0.6232593348764476
0,0,0.48161354509258764
0,0,0.5493475887686959
0,0,0.5442016464467396
0,0,0.5396524445736092
0,0,0.4908004252890912
0,0,0.42761792594133236
0,0,0.490938185912058
0,0,0.5567282110401524
0,0,0.4731791434782173
0,0,0.6063191384852653
0,1,0.6634120006539245
0,0,0.48584988533574036
0,0,0.6218248479353299
0,1,0.6726048061092913
0,0,0.6420791855588356
0,0,0.6151104815211409
0,0,0.5902311700550977
0,0,0.5965738958279162
0,0,0.6045532337316272
0,0,0.6148762355864862
0,0,0.6187488041251182
0,1,0.6732908344082584
0,0,0.5105913520225219
0,0,0.5109023327760005
0,0,0.5471724847528052
0,0,0.6142544787364772
0,0,0.5056692891034156
0,0,0.5082386538959432
0,0,0.5353518727353055
0,0,0.39641615875707065
0,0,0.3192433717569158
0,0,0.26362288476226364
0,0,0.22270188228425408
0,0,0.1967968554556208
0,0,0.15756802134927242
0,0,0.11438655325865997
0,0,0.1423062848502352
0,0,0.2131454110396148
0,0,0.1936435902246131
0,0,0.3266597831790171
0,0,0.3781313774496467
0,0,0.4951818675448984
0,0,0.40120186282141107
0,0,0.40452236852450146
0,0,0.3513958652358178
0,0,0.30373051160007764
0,0,0.2871987177804201
0,0,0.24128514744472765
0,0,0.18329447587047382
0,0,0.16651566651874433
0,0,0.11886444608955514
0,0,0.11250915854113523
0,0,0.08402973575162716
0,0,0.08780889532133841
0,0,0.09098649761245808
0,0,0.12238644373335529
0,0,0.16019945656534337
0,0,0.19902602173077516
0,0,0.2610162160935812
0,0,0.31198858120695633
0,0,0.31956405587682013
0,0,0.35998013112601046
0,0,0.41601348764507823
0,0,0.4120438327690531
0,0,0.3607292257496325
0,0,0.4575426494116178
0,0,0.4509448010903284
0,0,0.44262155582517354
0,0,0.42956034171497576
0,0,0.5482588372738835
0,0,0.5722993793192936
0,0,0.5167228930619568
0,0,0.589780508412901
0,0,0.5791347712742223
0,0,0.5987503087881436
0,0,0.6198210136188809
0,0,0.5711097337497906
0,0,0.5638440169996878
0,1,0.7354670241574409
0,0,0.6109813263985107
0,0,0.620109103132177
0,0,0.6320042342768961
0,0,0.6359855679508228
0,0,0.6503266694292228
0,1,0.6748604914112074
0,0,0.5480617007402957
0,0,0.6366506875724772
0,1,0.6631302923580139
0,0,0.5219367358316411
0,0,0.5638697802481082
0,0,0.4979761059196143
0,0,0.5074526294467739
0,0,0.3746786861925254
0,0,0.32280743621558644
0,0,0.28574178210553414
0,0,0.2933382302666535
0,0,0.20507200731919542
0,0,0.3192075606336284
0,0,0.3488738021141441
0,0,0.3495275656405748
0,0,0.3787621630566344
0,0,0.5185946055379695
0,0,0.5242625526229746
0,0,0.5276446284867106
0,0,0.5666401207566709
0,0,0.564214827595506
0,0,0.5795022582785774
0,0,0.45273742524630495
0,0,0.483339201751197
0,0,0.48012875670697397
0,0,0.4856828650082416
0,0,0.45962102609025746
0,0,0.4456753604748795
0,0,0.4567912115535466
0,0,0.529379261226325
0,0,0.4817057062583598
0,0,0.4793721680131745
0,0,0.5435156355586138
0,0,0.4669556990274662
0,0,0.5862503106095496
0,0,0.5705052320660672
0,0,0.4448930413149603
0,0,0.4278576194381362
0,0,0.5822853744993368
0,0,0.44373240659659846
0,0,0.433544515189182
0,0,0.4023394280296779
0,0,0.5250542259377399
0,0,0.5480756861172902
0,0,0.5048360917133419
0,0,0.48073134981432436
0,0,0.6121898502830382
0,0,0.6490807606468723
0,0,0.530021532006791
0,0,0.6092850001651755
0,0,0.6165191857673601
0,0,0.6225502484646067
0,0,0.5217080098713959
0,0,0.5892647369127986
0,0,0.5992742281370448
0,0,0.6206857065507574
0,0,0.5598004475037938
0,0,0.5704845564956766
0,0,0.5739463376816618
0,0,0.5353195503776598
0,0,0.49774513646089136
0,0,0.4849768008817668
0,0,0.47268840623153413
0,0,0.3421012180224524
0,0,0.32539552384249076
0,0,0.319044557971127
0,0,0.251538969196945
0,0,0.2410696511326259
0,0,0.1902226808319232
0,0,0.16406058280206826
0,0,0.14190076287487238
0,0,0.12260838663685976
0,0,0.09613766106575124
0,0,0.09004877947789111
0,0,0.08195522497338416
0,0,0.07953560876306666
0,0,0.07851223487165439
0,0,0.1203510951364895
0,0,0.1439867873642554
0,0,0.14256997806751523
0,0,0.146533958737977
0,0,0.14869427090977957
0,0,0.14628864058939695
0,0,0.1859032536138585
0,0,0.20348396751108505
0,0,0.20741120048459064
0,0,0.19342109300321947
0,0,0.17140445372067353
0,0,0.15070520104080878
0,0,0.13054976441277066
0,0,0.10430822522314569
0,0,0.0914721005162762
0,0,0.08586936013494767
0,0,0.07600491088164793
0,0,0.0786661326890114
0,0,0.08006048812253001
0,0,0.08355103189839404
0,0,0.12117442229644512
0,0,0.14541750996686595
0,0,0.14674815757316645
0,0,0.14579228948870387
0,0,0.15315488178602873
0,0,0.14983951281986466
0,0,0.162577991237734
0,0,0.1923163417166252
0,0,0.23174044547104125
0,0,0.22672866245873047
0,0,0.2034341314475626
0,0,0.18454208989050497
0,0,0.16675391664467035
0,0,0.14793278186648445
0,0,0.12957182471627945
0,0,0.09956742816266045
0,0,0.09794353801432093
0,0,0.08919439873104472
0,0,0.08543822000357168
0,0,0.08197250571086342
0,0,0.08578058294131138
0,0,0.08498473116624378
0,0,0.08229694024638208
0,0,0.12306419819517826
0,0,0.14664879391342422
0,0,0.14929455027991767
0,0,0.14939576945393715
0,0,0.13715460974551033
0,0,0.15927722254155594
0,0,0.18352048530998627
0,0,0.19847296478535906
0,0,0.1911866323806814
0,0,0.17041860385672888
0,0,0.15433647932177447
0,0,0.13089856975067468
0,0,0.1022264640911771
0,0,0.09464295380253433
0,0,0.0874209859254303
0,0,0.08611702030998455
0,0,0.08500246186480176
0,0,0.12615713164174946
0,0,0.14799905115919793
0,0,0.15196669166688398
0,0,0.14967538954693335
0,0,0.14525658944788555
0,0,0.14583962690190014
0,0,0.1823282052829097
0,0,0.21120535983266367
0,0,0.2143490520368959
0,0,0.194591473500426
0,0,0.190113986184667
0,0,0.16954338209523895
0,0,0.17941517377388636
0,0,0.15696859629798787
0,0,0.147131150233391
0,0,0.249313471025391
0,0,0.24599449608919913
0,0,0.2719725113384996
0,0,0.43026006472477635
0,0,0.4652370102858894
0,0,0.46080482867479183
0,0,0.4432901290610939
0,0,0.5423573559365469
0,0,0.5628704809307739
0,0,0.6074573535280067
0,0,0.5293363884479663
0,0,0.5096588825552556
0,0,0.5116935414692283
0,0,0.4099809864515619
0,0,0.36541228055254016
0,0,0.33831238578903083
0,0,0.2955466514263575
0,0,0.1949144649081875
0,0,0.1595198984907784
0,0,0.16478785150212757
0,0,0.1639147829962631
0,0,0.14830333492607595
0,0,0.12824172509684204
0,0,0.10560357582694156
0,0,0.09411402561400915
0,0,0.09033701690182283
0,0,0.08597156704112237
0,0,0.12373663436489356
0,0,0.1443026189889074
0,0,0.14903993675195518
0,0,0.14458715208167439
0,0,0.13368225219387056
0,0,0.16273853747070202
0,0,0.16859365921408762
0,0,0.22890198986319174
0,0,0.22235327380558034
0,0,0.2162401034149234
0,0,0.20973953208859883
0,0,0.1804262721996589
0,0,0.1603785689790613
0,0,0.1613241670248858
0,0,0.2337933438411217
0,0,0.30974939447493555
0,0,0.39042025810131714
0,0,0.3847610490383939
0,0,0.532543504445685
0,0,0.5353297397555559
0,0,0.537665376465729
0,0,0.5408500335623029
0,1,0.6775882967091477
0,1,0.6739187227773699
1,1,1.1912061023341292
1,1,1.0639118649277233
